	PC1	PC2
M	4.611588305772899	-0.13421236562270514
W	8.168475770381427	0.09227719121549063
C	5.1909048432418885	0.0884061743779232
D	-1.0351465900920893	-0.3419408836402791
E	-2.35673395405229	-0.5542462201255244
F	0.831758114926369	-0.0928516622415219
H	3.6203780619867194	0.2033686904184925
K	-1.6049917473975597	-0.5403145422511716
N	0.34519782843823416	-0.28537179760729947
Q	0.30248058261295974	-0.057863598146114144
Y	2.7709399214650214	-0.06674313195245812
I	-0.7458444371328403	-0.26297976109357835
A	-2.92034379176469	0.23850506072114186
G	-2.1923907380163796	0.37759659974145093
P	-1.2446892285467142	0.8691908327942757
T	-1.2961095411040238	0.19702600216441915
V	-2.1287508060805993	-0.028391798665404297
L	-4.815489408799066	-0.12359885056515556
R	-1.5000774437589262	0.08783890762886763
S	-4.001155742080288	0.33430515284907986
