	PC1	PC2
M	-98147.96569625051	1099.538635459793
W	-129435.36322162405	3734.922541214121
C	-105758.33725659059	2397.0975071002695
D	11471.402889202418	-8896.34578260732
E	52024.716420315206	-28001.794609016342
F	-45031.779257851544	-1014.248241573311
H	-86557.84093572437	2311.7344145066495
K	23808.466570636218	-22700.98706090081
N	-23198.226628854965	-2059.0838777663425
Q	-26600.197603236596	-4912.985512430028
Y	-72088.35920363734	500.69550639287115
I	3782.1616553896383	-5917.52138181994
A	88014.85784015774	7197.08926491449
G	37113.04460449291	13056.120357186352
P	17918.49306124373	24473.590467779257
T	27242.39467814974	11097.374238735498
V	38330.42053695085	-1233.3209453222137
L	144979.80708655147	-15365.788202890506
R	22385.40114713766	-5061.940255324082
S	119746.90331354244	29295.852936361614
