	PC1	PC2
M	4.389320470177886	0.14968417448591204
W	7.3384583242551376	-0.41112542100315613
C	9.715033335786817	-0.31866277716097485
D	-1.8073505690280354	-0.054740982246295755
E	-2.270497450895377	0.14505028972253156
F	0.7970401971040137	0.20530066361651855
H	4.293157971057798	-0.39796794639290495
K	0.2117421544224229	0.8983086849791266
N	1.6709415017476308	0.630662543438478
Q	1.1169594872328241	0.13638176245605266
Y	2.720553279997291	0.3252993909480369
I	-1.5689558092980158	0.41960498948141983
A	-5.917398063229316	-0.37474092462249237
G	-4.1191173688405955	-0.26786578918365544
P	-1.015390699591067	-0.5111185371302416
T	-1.7241321647046186	-0.04857438854477959
V	-3.615743154213602	-0.19679303673177648
L	-5.683105453373004	-0.02114771877185941
R	-2.57178883359835	-0.4085997978698145
S	-1.9597271550099256	0.1010448205298993
