	PC1	PC2
M	4.578864117828337	-0.285710046132098
W	8.149994676926479	-0.194818208735664
C	5.233032572233129	1.0547783046821588
D	-1.0390519553312252	-0.2526127074111132
E	-2.336019889643543	-0.5941010051224227
F	0.833645481891873	0.1190372504391665
H	3.627647431155375	-0.09235661871400612
K	-1.5476100692173362	-0.6000622375977468
N	0.35100625921571765	-0.21337910647211236
Q	0.3221258190769732	-0.47303369299325504
Y	2.775692889466266	-0.07806351119664214
I	-0.7800731291594445	0.02910783877176134
A	-2.92718370593976	0.15486472316226146
G	-2.192238073664119	0.5066042145125548
P	-1.2621981371702102	0.3287951494600472
T	-1.3227469754684245	0.055093551888899986
V	-2.1543868487626554	0.21773506015835747
L	-4.833182084396286	0.2974689817070587
R	-1.477130978495915	-0.18191828592786816
S	-4.000187400545288	0.20257034552061748
