	PC1	PC2
M	4.6346141301996475	-0.2504183247800173
W	8.146834156218608	-0.18325880470293537
C	5.2775717533459785	0.9542619450597987
D	-1.1600451007649588	-0.23346590777751342
E	-2.2964430928358714	-0.5906040423688775
F	1.077334788253931	0.08768989545950905
H	3.6194861201410644	-0.17553157036985012
K	-1.5289999452651748	-0.5945442640081849
N	0.1503313216053039	-0.10249595612623713
Q	0.3915924882365918	-0.4585929537311268
Y	2.556871059813341	-0.052448523265117696
I	-0.9331113917603489	0.06948340463632831
A	-3.180468772768671	0.15461266251618155
G	-1.9318798458522541	0.5959174517496072
P	-1.2425256394245279	0.2626709938733991
T	-1.556250139289102	0.06450402520491798
V	-2.035980986552834	0.2395455650318734
L	-4.650280641236394	0.21864571913118547
R	-1.4820071919233768	-0.1822651099083696
S	-3.8566430701408847	0.1762937943753693
