	PC1	PC2
M	-15041534.739011992	41256.072499718895
W	-18958397.140497956	-367364.9620377878
C	-21028045.17350041	-691905.3437809149
D	2985130.1898895716	-938225.9742616923
E	5380575.6954912385	-1381905.4936384785
F	-7275843.893081438	1010241.335254346
H	-14841543.8186625	-763605.3241489431
K	-5672831.766682094	416059.57345723954
N	-9963194.885417653	119780.24844779292
Q	-7656418.947369938	-1015810.9569071123
Y	-12373064.665361034	728300.6048889392
I	1166955.0756849528	2495559.2020446747
A	32519764.655440815	-2837032.1305355434
G	16251565.979057435	-345365.11408179667
P	-155617.27432759176	2887.419307312574
T	2551484.703240728	688409.4749493558
V	13367403.859432517	1169688.857766195
L	27651289.18825459	2892284.5993822436
R	7898351.155209106	-1775483.1993601276
S	3193971.8022116693	552231.1107545843
