	PC1	PC2
M	-14778.667807748894	821.6234147605886
W	-20091.2734699142	594.432043915745
C	-21949.02100146514	255.85507109101118
D	3075.9682082415197	-2072.466676407838
E	7397.5845372608155	-2319.2178111152866
F	-6054.908732984085	1253.7797262696754
H	-15405.972264978733	-176.50121054878653
K	-4910.338333408219	-634.0664367002676
N	-9677.650953894305	-593.4397836772058
Q	-7066.789535543088	-742.7560837756694
Y	-12191.083102187114	958.6096427278206
I	3727.0446588379173	2700.8173795577104
A	28248.563619199904	-1545.6149327190901
G	15633.290857084012	-1502.3804211385875
P	-1756.300517133237	-498.23755611531664
T	2587.5019437706865	74.90404185258504
V	13138.630968127556	1535.5402716428898
L	30090.865982862833	3280.87741852414
R	5310.852631382186	-1091.8782807632551
S	4671.702312489595	-299.8798173808775
