	PC1	PC2
M	4.008776060025503	0.27469560828973494
W	7.440592687079761	0.163765484556674
C	9.600972488598764	-0.060613468729836875
D	-1.7776466905243542	-0.3609777758075784
E	-2.4556628583144544	-0.36312252345976526
F	0.5058051870945892	0.30519937845462564
H	4.215531343267436	-0.18183807954058306
K	0.297964720409451	-0.1644075514210726
N	1.7402188040482196	-0.2522865067888322
Q	1.0298656894542308	-0.20964059740747798
Y	2.6243819986725394	0.2739299880629357
I	-1.7708607796981042	0.5605919802340616
A	-5.465112244873657	-0.06395796295924712
G	-4.004389556042631	-0.25761172247547026
P	-0.7445394247182436	-0.1595369179715782
T	-1.6550778837198776	0.010349597453719809
V	-3.535461768769266	0.28055635579330235
L	-5.773490467562859	0.4790367597490744
R	-2.205431359169947	-0.18915428616769242
S	-2.07643594525713	-0.0849777598650293
