	PC1	PC2
M	-47.06205098249231	3.2873107739207064
W	-62.954878637710394	3.731578488974637
C	-56.725134281607495	1.7243744263662921
D	5.3143076740228405	-7.29806991140246
E	21.632105872901874	-8.13281741998591
F	-16.67266544708693	6.612630483029111
H	-49.16772415100463	-0.8933616037882808
K	21.01370572758167	-7.8494217399288155
N	-8.805804234923059	-4.319857765007232
Q	-18.50510820833151	-3.782487770962646
Y	-28.84527634605538	2.9582668317850547
I	18.156683931724753	11.257772140294588
A	22.350959711232946	-2.0431295227625856
G	20.93777138304746	-4.357785780391279
P	-1.1320727209245207	-0.6487000293164092
T	21.23692836910006	0.7374750904646843
V	23.996192609973466	7.556636490934218
L	78.21357410676582	12.812382890254526
R	9.218656468255732	-4.822647225214673
S	47.7998291555296	-6.530148847263519
