AminoAcid	Frequency
M	0.015873015873015872
T	0.06349206349206349
N	0.047619047619047616
K	0.015873015873015872
S	0.12698412698412698
R	0.06349206349206349
V	0.06349206349206349
A	0.06349206349206349
D	0.031746031746031744
E	0.031746031746031744
G	0.06349206349206349
F	0.031746031746031744
L	0.09523809523809523
Y	0.047619047619047616
C	0.031746031746031744
W	0.031746031746031744
P	0.06349206349206349
H	0.031746031746031744
Q	0.031746031746031744
I	0.047619047619047616
