AminoAcid	Frequency
M	0.016129032258064516
T	0.06451612903225806
N	0.03225806451612903
K	0.03225806451612903
S	0.0967741935483871
R	0.0967741935483871
V	0.06451612903225806
A	0.06451612903225806
D	0.03225806451612903
E	0.03225806451612903
G	0.06451612903225806
F	0.03225806451612903
L	0.11290322580645161
Y	0.03225806451612903
C	0.03225806451612903
W	0.016129032258064516
P	0.06451612903225806
H	0.03225806451612903
Q	0.03225806451612903
I	0.04838709677419355
