AminoAcid	Frequency
M	0.01639344262295082
T	0.06557377049180328
N	0.03278688524590164
K	0.03278688524590164
S	0.09836065573770492
R	0.09836065573770492
V	0.06557377049180328
A	0.08196721311475409
D	0.03278688524590164
E	0.03278688524590164
G	0.06557377049180328
F	0.03278688524590164
L	0.08196721311475409
Y	0.03278688524590164
C	0.03278688524590164
W	0.01639344262295082
P	0.06557377049180328
H	0.03278688524590164
Q	0.03278688524590164
I	0.04918032786885246
