AminoAcid	Frequency
M	0.03333333333333333
T	0.06666666666666667
N	0.03333333333333333
K	0.03333333333333333
S	0.1
R	0.06666666666666667
V	0.06666666666666667
A	0.06666666666666667
D	0.03333333333333333
E	0.03333333333333333
G	0.06666666666666667
F	0.03333333333333333
L	0.1
Y	0.03333333333333333
C	0.03333333333333333
W	0.03333333333333333
P	0.06666666666666667
H	0.03333333333333333
Q	0.03333333333333333
I	0.03333333333333333
