AminoAcid	Frequency
M	0.03225806451612903
T	0.12903225806451613
N	0.03225806451612903
K	0.03225806451612903
S	0.0967741935483871
R	0.0967741935483871
V	0.06451612903225806
A	0.06451612903225806
D	0.03225806451612903
E	0.03225806451612903
G	0.06451612903225806
F	0.03225806451612903
L	0.03225806451612903
Y	0.03225806451612903
C	0.03225806451612903
W	0.03225806451612903
P	0.06451612903225806
H	0.03225806451612903
Q	0.03225806451612903
I	0.03225806451612903
