	PC1	PC2
M	4.287488295950589	0.09899628887425149
W	8.798699891971543	-0.29899630611045364
C	9.279143690750145	0.07696592497675835
D	-2.6067340525248066	-0.1939905362113103
E	-3.8672746105060383	0.03799258816856296
F	0.6947524676625152	0.054859521499055756
H	5.495791947593272	-0.22464105926566055
K	-1.1579090985784537	0.7243977215149312
N	0.9907906792819087	0.5220839603586666
Q	3.768812436261966	-0.03340431161912157
Y	1.0485114546258012	0.18701359911707646
I	-3.19216099954798	0.35248267088909313
A	-4.3411986417753585	-0.37931862971421376
G	-3.8399482231659077	-0.25320949258750824
P	-0.26009113121410815	-0.21308042045756947
T	-1.6792776518666268	-0.2063343018843003
V	-4.072581819127976	-0.16769005500169773
L	-5.122884438730747	0.03868018569985078
R	-1.8485211462168447	-0.1728027218900833
S	-2.375409050842874	0.049995373643728455
