	PC1	PC2
M	-7615.082506669121	309.3147859643787
W	-11459.96114886526	201.99181818102892
C	-11571.614046580407	315.03621893679673
D	1458.235307034897	-1083.093405451594
E	7418.748603140229	-946.0714685252138
F	-3188.2764673372435	474.5004835845481
H	-9805.643729264442	132.13028095607035
K	787.8725289851358	-538.6205161546433
N	-3618.9087615306726	-288.95915403064697
Q	-8331.659236789936	36.79914823357718
Y	-3718.6947659354264	783.2373513248664
I	7261.150423276085	1755.3065119039181
A	7754.956151116942	-128.9938818022305
G	7697.284397035822	-1753.7534509530951
P	-2032.4295204214607	-647.5382013774449
T	-64.75589028220924	53.287715255561054
V	9016.253559679446	1575.750520693483
L	14164.41677389865	850.3071882712576
R	2194.5004894812246	-364.1057674841964
S	3653.607840027748	-736.5261775264231
