	PC1	PC2
M	-98924094.76575783	499888.2395253679
W	-131619138.76989008	2623895.4770409297
C	-107094054.296811	2110427.184172552
D	8248075.312653595	-8270739.8021723535
E	53358640.38631876	-21335030.224668864
F	-39545827.00743873	-1059625.6645581755
H	-87359613.32524462	3856984.8936671265
K	24453297.587349936	-19273503.152072415
N	-29029395.7322909	-4764162.957256624
Q	-25961117.527533714	-1399309.658941263
Y	-76292512.00713538	-821454.2027182282
I	-537930.0026707406	-6471961.7685036035
A	78604234.81224576	9688917.742940648
G	47042769.83081981	11281455.051691888
P	19191390.318808287	21549539.352006502
T	17900233.68168899	6592496.443764277
V	43484719.838497356	131853.19775173903
L	157953706.59027046	-7357412.517441293
R	23053108.296248075	-1572030.1648203405
S	123073506.779872	13989772.530592117
