	PC1	PC2
M	4.673825168662299	0.11999970714211647
W	8.179581665185756	-0.28698377518900114
C	5.226747659106266	0.08122379431857482
D	-1.1896429763939813	0.1853694636537398
E	-2.3431942942647828	0.48032335809394244
F	1.0899012441932532	0.10818808147352635
H	3.6439348448376476	-0.1211818995396557
K	-1.5533268936160354	0.5809938037407143
N	0.1498287849074726	0.27083910911970416
Q	0.3710191253149766	0.10031803508237408
Y	2.5858428509699833	0.14906873290746428
I	-0.9037872167253519	0.21053514573765994
A	-3.201079680653598	-0.37256782634640817
G	-1.9590080907849368	-0.44424682439264107
P	-1.2448762981955994	-0.5783567479602472
T	-1.5491861150327433	-0.21476623016607405
V	-2.0051384330835837	-0.07207815678241071
L	-4.635426123883724	0.1560947254641602
R	-1.470024337510471	-0.09983334551325901
S	-3.865990883032877	-0.25293915084426993
