	PC1	PC2
M	4.339239236445801	0.2918396946754492
W	8.73367429321162	0.30138111155584063
C	9.364275818378674	-0.5115412387092467
D	-2.529003161136174	-0.40788119668599615
E	-3.8578070376835805	0.27152079672903473
F	0.7605934890820155	-0.04809100794902732
H	5.482697771073964	-0.4937058323076559
K	-1.1691557021599814	0.7090320914188543
N	0.9453794071562203	0.35807188581305566
Q	3.648671160690378	0.5110251680505931
Y	1.0697170453208156	0.019132843581975822
I	-3.1498707980304865	0.11738520047786372
A	-4.260743675087949	-0.14181640583563276
G	-3.969110113279024	-0.3475034690929437
P	-0.30238803685258236	-0.4160036330334753
T	-1.6517953365125113	-0.24516897030871074
V	-4.04526988501429	-0.22088583664117395
L	-5.095942869257553	0.09549763373198743
R	-1.9141937609643347	0.17200843677056396
S	-2.3989678453810317	-0.01429727224134663
