	PC1	PC2
M	4.276278584749812	-0.17429471729845672
W	8.791420732642683	-0.6974050475694872
C	9.25346534814568	1.1396009500695523
D	-2.5753525620287987	0.07270228633645912
E	-3.8521170401177356	0.17067972175639237
F	0.6939102168441459	-0.2873866293379183
H	5.507370995233131	-0.10228828785558854
K	-1.1586352046880253	0.15806935222148225
N	1.002664313927478	-0.04936991743319437
Q	3.757659995889311	-0.28863883992250267
Y	1.0465756632335295	-0.1504841189525284
I	-3.1932424316056043	-0.01717786954655196
A	-4.350467228501561	0.013576768679935965
G	-3.842251182770925	0.0850571029040379
P	-0.26912745892423423	0.008770864923618745
T	-1.6908185285885238	0.018199246164382194
V	-4.081768631723904	0.043000038199699074
L	-5.129866458337345	-0.018450723341915262
R	-1.8290378556083513	0.07055124702599293
S	-2.356661267770749	0.005288572976623033
