	PC1	PC2
M	-682925.3849721757	-7151.922321297697
W	-944508.2476451205	-27507.57503362228
C	-971540.0725981727	-21824.887023424442
D	323292.54271028494	-31602.14298568389
E	656682.7202746446	43737.28736584086
F	-305147.7978694643	11549.295588587062
H	-776677.86819783	-25829.28230530836
K	-7777.331724458412	138691.74577103043
N	-355310.58812813956	52271.645805790984
Q	-642746.7811543755	-15328.968653746677
Y	-364599.36677523935	26438.68031376558
I	441278.3360288025	109863.38462725758
A	838592.2667076704	-120834.94856839496
G	655618.450443066	-45064.842055668654
P	-159694.18695247074	-30065.90834551979
T	111244.5438198144	-45759.06347029316
V	726641.4125290496	-35216.63100977899
L	1048438.5031914094	40004.0042050427
R	154959.83210971713	-28440.83471315177
S	254179.01820298895	12070.962808575738
