	PC1	PC2
M	4.015801498197401	-0.04501989274818031
W	7.505767800906152	-0.2883186388917067
C	9.563048693592918	-0.06842821749849885
D	-1.8383831661540897	0.16889527372206226
E	-2.511048249043207	0.042639371292503205
F	0.5224828518745648	-0.14479831639457155
H	4.2694022674369325	-0.018215223925965487
K	0.3369029576409625	0.4063701444612094
N	1.7724258720284785	0.34554402783906357
Q	1.0308225683323766	0.04761315315518731
Y	2.6462876130079493	0.14424260361589264
I	-1.7634720129174295	0.034346385437880066
A	-5.537068056590598	-0.11069890232460533
G	-4.050507169502675	-0.09837372515872933
P	-0.7318718154246734	-0.18023159249511103
T	-1.644838042633175	0.05945359277805826
V	-3.56154798309224	-0.03313811732283147
L	-5.8173961822247	-0.1977053560651174
R	-2.175123115109595	-0.04579791820616266
S	-2.031686330325381	-0.018378651270362697
