	PC1	PC2
M	-14289.706228765466	-271.8643801535312
W	-19552.441899690253	-243.66077876528962
C	-21539.31242896121	-89.32637938509062
D	3078.5839726364197	693.9625590248941
E	6831.245395339482	994.9627438027339
F	-5773.266838589242	-458.3027488300106
H	-15046.418201259943	148.61209863527458
K	-5161.189395535588	203.87012301792112
N	-9485.412763218024	-216.62057191591433
Q	-7076.628277361127	372.04517114853996
Y	-11809.256868134786	97.70637458687526
I	3678.333945379653	-450.491506243572
A	27081.1527060582	-26.67991414210927
G	15634.12699652592	-1035.4736409703435
P	-1416.4869019812936	-2.011082888292676
T	2690.053586184156	-266.97197110913305
V	12931.078777543484	-287.8659838939402
L	29763.478877321042	71.01700931083408
R	4819.660883421609	1123.702809753442
S	4642.404663086984	-356.6099309832809
