	PC1	PC2
M	-14580086.365914535	-554752.0865585976
W	-18456977.733309556	-1272213.9582153556
C	-20629843.450252175	-1141752.6125680197
D	2982907.272043677	161985.56529646195
E	4920615.75492803	1072868.0706746809
F	-6939569.336100548	477421.90985118
H	-14479826.916944968	-954335.6255028365
K	-5838008.121585589	2131736.05327502
N	-9716464.452702073	1047191.9595387082
Q	-7609309.992570936	-32666.858307033584
Y	-11953225.29912505	234898.56427631414
I	1151687.40728782	2114641.2931361785
A	31254711.577329792	-1964906.4938124772
G	16242008.54834697	-474051.83583077864
P	127827.60375014888	-1321858.9731100607
T	2641664.7257343633	-2617.083705730894
V	13161265.470657613	-95796.45845374544
L	27149265.293599542	1055050.4916398001
R	7330620.195583626	-1267623.5727993883
S	3240737.8192438614	786781.6511756725
