	PC1	PC2
M	3.721763685552425	-0.3008891443977014
W	8.678424997026612	-0.6648051860293551
C	8.866208318722338	1.1181448297443772
D	-1.7577395553641937	0.12112086344620164
E	-3.689351757409138	0.2740712430573983
F	0.42222220463258753	-0.35474511010829396
H	5.8626694134018855	0.10509752916726377
K	-1.3796850127990663	-0.0627847561000814
N	0.7291271406998697	-0.14338854490179306
Q	4.214817107920588	-0.30749182983892853
Y	0.7001397557439152	-0.13453578161701957
I	-3.63631466072438	-0.2196186932772238
A	-3.7847274528455075	0.10201695791699883
G	-3.7670237668656354	0.15373939475006795
P	-0.15517456838579294	0.045333381032600775
T	-1.2046974352418653	0.1233839063658465
V	-4.179116922172334	0.10930514506892035
L	-5.356967677062665	0.008744787684757465
R	-1.803755893131602	0.05184375821518265
S	-2.4808179216980304	-0.024542750179255713
