	PC1	PC2
M	-7573.101503762453	-242.6038042687411
W	-11377.718677343735	-102.42768271390464
C	-11571.173448445963	-347.3740293475638
D	1501.2158876350766	760.0599595105251
E	7465.70024244673	760.2092477718983
F	-3135.564753126113	-370.0147553608089
H	-9698.763225240255	-17.593371503147328
K	697.2987662182175	346.41605836580504
N	-3635.5588982748063	167.84428360318148
Q	-8293.292335126287	9.557455128669357
Y	-3747.296880144229	-553.9085137680619
I	7261.868363414475	-1209.5999260512656
A	7699.422280050162	-26.135603155441633
G	7687.448131059221	1238.6362278522006
P	-2074.5416774625246	639.8267011002808
T	-95.21171950674032	-127.23426736644045
V	9079.21141229064	-1218.169484178529
L	13996.774088909502	-532.6002210838262
R	2140.9640302714724	348.82761616079443
S	3672.319916137594	476.28410930437576
