	PC1	PC2
M	-117551.29641656457	-1581.6156210929182
W	-166292.659185723	1275.3141511692247
C	-142784.55207320038	-215.45578349584983
D	36919.32504341631	-9771.274471324661
E	45676.22474239085	-11726.205876940976
F	-32636.331169609653	-4332.385695938125
H	-126144.18527622429	-74.19834906012122
K	57703.723651496126	-28531.564656184317
N	21852.739530150997	-22225.977797390045
Q	-68154.94318489314	466.2875638988326
Y	-43381.78056022532	-9063.248661475034
I	69902.23832640599	-19575.534064468346
A	68621.93997029825	31150.115417513538
G	34190.8502181802	22727.110191477404
P	-25395.32878413124	18029.913975792344
T	46715.77100157024	5637.545308904918
V	67240.79429134344	11613.455629948923
L	169871.97663386178	-1274.4990969300839
R	10370.613172564523	12474.599171751
S	93274.880068893	4997.618663844331
