	PC1	PC2
M	-14526.487470826638	-255.65656861494983
W	-19833.445266615006	-318.34062771764053
C	-21772.065166107182	-141.5708625709256
D	3132.8193984627987	1173.0959957084767
E	7044.344756074003	1112.1420328039183
F	-5920.4702549225985	-621.3127192815036
H	-15261.469289667215	-16.831807741866616
K	-5187.0154174043255	441.2112314446806
N	-9633.800043416582	461.7896014944804
Q	-7138.36447533752	140.9685711496248
Y	-12061.2780586915	-797.9599263071265
I	3727.2032618615685	-1860.0031267999514
A	27529.9989511529	486.5639336981267
G	15884.355072598983	2402.822961665719
P	-1519.171503995298	828.2845149729148
T	2759.0037649527253	-49.540583013725275
V	12975.271268049055	-1940.2301336899782
L	30049.72123937169	-1723.2987717647297
R	4976.371316931249	262.5404296018014
S	4774.477917528854	415.3258549626679
