	PC1	PC2
M	4.008310114453188	-0.07855431856306959
W	7.485634317527163	-0.20015349937960936
C	9.582181151642068	0.5791576295645952
D	-1.8443787133910536	0.043178630757758976
E	-2.4891126052145283	0.05915430008445513
F	0.52299718057801	-0.09494152580217914
H	4.2279457525463755	0.057597946920270746
K	0.2973006657040022	-0.3974520627471449
N	1.7492337253326682	-0.11416547107303926
Q	1.042791281008089	-0.1884641606030918
Y	2.648143790803106	-0.3106784699017525
I	-1.760105346053301	-0.0738730223618668
A	-5.478561300692041	0.11816249754247714
G	-4.018454565680862	0.3759303345811308
P	-0.7346003903700439	0.14652252957394477
T	-1.6416959468230248	0.0026872358435795205
V	-3.5320160616991467	-6.539356738704778e-06
L	-5.79218704010786	0.019316897853105374
R	-2.2023900208519445	-0.021071815264519893
S	-2.0710359887108867	0.0776528823317356
