	PC1	PC2
M	-115735.86844106195	-1358.9059957094048
W	-164070.27134715868	1180.0996847056397
C	-139382.4662755318	-1805.451063998075
D	36831.93081219975	-3949.579205854869
E	44226.34617262338	-2939.341582837508
F	-32017.017572366225	-5939.013874280828
H	-124061.87024053856	-382.1389148256101
K	55175.667453067785	-22797.294543500986
N	21760.458691388845	-19944.881954764685
Q	-67814.93738653639	2692.4569816724465
Y	-42662.21734362926	-10925.8479494221
I	68435.34420630978	-24610.495270918083
A	67426.9894304574	30853.768096244574
G	34653.83367249184	16890.39225744795
P	-24033.010764460905	15256.229420983678
T	46698.62087421287	4057.214231786616
V	66777.72189171035	6502.552203358205
L	166279.91622249017	-3328.047027973092
R	9577.863825283508	16310.378553984474
S	91932.9661190479	4237.905953901607
