	PC1	PC2
M	3.8433351644320717	-0.08481801781961473
W	6.173011467884812	-0.1255514698274395
C	5.149920606288656	-0.09792640565601586
D	-0.8969331523905943	0.1595819406742894
E	-1.7287030400112338	0.5002493066274982
F	0.7111863598281146	-0.17382887259780672
H	3.9916645992071573	0.1361882326668265
K	-1.8066874537624535	0.16868948468787562
N	-0.005235933091819317	0.0589030144412568
Q	0.8593999132092279	0.20772894941128706
Y	1.6182722327175005	-0.0746948872870444
I	-1.5822020547995508	-0.09675079456654571
A	-1.9477035687079085	0.04200071157805584
G	-1.783903660401306	-0.12438657456876993
P	-0.5221408675455984	0.003311306573085925
T	-1.8115427937569948	-0.16475768611749075
V	-1.9894059376246436	-0.18171949365429632
L	-4.325284945451606	-0.35335327584235154
R	-1.0132719659292182	0.28690145484267016
S	-2.9337749700945994	-0.08576692356547812
