	PC1	PC2
M	4.580836615595395	0.16014419593744988
W	8.147018095063803	0.07948101615940024
C	5.199730054400372	-0.5148534735311604
D	-1.0402203457412793	0.2576466688556404
E	-2.342763890577744	0.7034275964374026
F	0.8197639585306571	-0.43626618410120716
H	3.6188031532637694	0.11527519064879789
K	-1.5593826912529374	0.5446071873201015
N	0.3391983136962573	0.0990226334084784
Q	0.32295022185946987	0.6101438701916558
Y	2.773981600543413	-0.15791244026941592
I	-0.7549195180380146	-0.10163306514572104
A	-2.9009482212486573	-0.14561535780062146
G	-2.217631937900538	-0.5225712451880118
P	-1.2320242527119087	-0.1201929172006675
T	-1.318073440653361	-0.10648071631675923
V	-2.1469708604333544	-0.24196793896316782
L	-4.835429295069974	-0.299608222478854
R	-1.462690126551177	0.2385327793169201
S	-3.991227432774177	-0.16117957728018706
