	PC1	PC2
M	-97752.00292224903	-1344.3818725247081
W	-128867.3554770579	-4462.411407499242
C	-105499.5896772083	-3641.26053065717
D	11853.170000397175	9576.727183173249
E	50518.41400963998	29245.39513162639
F	-45055.659886757916	-1505.194617953408
H	-85742.85157714557	-3023.717549592859
K	23971.573480590647	26781.521781162028
N	-23329.447620944826	4171.582533963256
Q	-26213.363680573526	5501.373948604388
Y	-71399.30934930262	-387.68730172555263
I	3977.2228665243356	5929.971915969677
A	88435.47083890125	-17423.19751399245
G	37467.54419366747	-17497.327082538694
P	18259.248370001016	-18028.949401829243
T	26238.700823255273	-8351.266665891484
V	38164.080474305185	-1051.4276633113047
L	144400.215629535	10585.716987402397
R	22628.378180771695	4469.486440667828
S	117945.56132365062	-19544.954315053106
