	PC1	PC2
M	4.398331385359052	0.08827616430402732
W	7.381838210562633	-0.49368325248980427
C	9.681668396513917	-0.36276163391778243
D	-1.845259636053298	-0.059115055822131654
E	-2.2991405892014427	0.1267843096707405
F	0.8028333194968282	0.24676455914792733
H	4.306594470731622	-0.3090483725404313
K	0.23225848354298043	0.9055741765585373
N	1.678470432301952	0.6808585252240094
Q	1.1262244840348337	0.13259227401748142
Y	2.739950410986484	0.3916432095060233
I	-1.5651398653484807	0.47940037401176144
A	-5.948132120824382	-0.4405100729203169
G	-4.1360850566067064	-0.27343692128897856
P	-1.0126766477327611	-0.4910980491454965
T	-1.6982654189048403	-0.06955795584756153
V	-3.620840360896714	-0.20363636507362945
L	-5.706247989407471	-0.05499699835109925
R	-2.5692895145539545	-0.43052705841827343
S	-1.9470923940002305	0.13647814337501732
