	PC1	PC2
M	-14833926.22672341	-649271.6265208316
W	-18727664.215016782	-1401980.35064095
C	-20859614.636262797	-1351785.3920055074
D	3007997.9437686596	216559.09945766715
E	5061236.806497782	1014012.261716313
F	-7110544.20582479	517355.9529566266
H	-14696831.499098036	-1040255.3718294
K	-5937947.855611295	2412778.7867219863
N	-9887790.947022427	1106768.034000116
Q	-7680903.632662759	-84312.75859130746
Y	-12223808.49610849	325991.53026017454
I	1152208.311149506	2100702.8060749625
A	31951143.350493036	-2288815.1924559665
G	16493669.65822062	-400549.678289418
P	101744.45146552227	-1285406.3744408179
T	2679594.3474543183	27319.618994091546
V	13284551.876348212	-177783.40412596115
L	27479769.63853744	1173647.7947164425
R	7501049.548535766	-1101877.0090437485
S	3246065.781859951	886901.2730455311
