	PC1	PC2
M	-97351.54540916476	-482.0759321819858
W	-128487.89785388872	-3420.0706447514303
C	-105203.83228516276	-1541.0760484047837
D	12209.4264189771	7820.678286851473
E	50759.42675209048	23438.451658641046
F	-44159.76654786237	1057.2568666262957
H	-85260.56399035531	-3327.2060926891204
K	23861.92700847458	20886.192647230848
N	-22672.57390465505	4335.331884128388
Q	-25793.903208338543	2239.34649386075
Y	-71038.69046606727	896.9162153559151
I	4174.2035130027225	5573.713998530281
A	86983.62924889337	-11522.425886737432
G	36523.275506329715	-12777.091784268621
P	17623.944052845764	-18037.100561177736
T	26523.005715815936	-8604.51084990703
V	38166.94475196348	-508.7079281661818
L	144558.0862583768	11318.608824266374
R	22516.566107014434	651.851556123219
S	116068.33833171066	-17998.08270333029
