	PC1	PC2
M	4.617842082144576	-0.07887748094193323
W	8.198919749228317	0.12073960236046918
C	5.187405648927852	0.07118922895791839
D	-1.056016613339274	-0.2625104755310215
E	-2.3850206397544573	-0.38346934556887696
F	0.848635319622217	-0.15873173411640365
H	3.646696008504223	0.256455538251824
K	-1.5830987593243715	-0.5108439442992694
N	0.34921671594121245	-0.3575745788875271
Q	0.3107016098891032	0.017309890159539595
Y	2.7948804577785964	-0.173138340068051
I	-0.7496737732368154	-0.3035014693286578
A	-2.940164953476363	0.3198932359520364
G	-2.219532942475674	0.32184435394323163
P	-1.2635166944658616	0.6810033709572574
T	-1.3187886086006562	0.17137845875199398
V	-2.1281030206659377	0.02946722757765201
L	-4.8196866436461425	-0.08406085812500869
R	-1.471580162099118	0.10938908345561489
S	-4.019114780951441	0.21403823649919682
