	PC1	PC2
M	-97739.88766840177	-456.77382110776955
W	-129493.42643872523	-4035.762262817046
C	-105656.64326668537	-4713.274530021518
D	10501.491043500853	9449.179144598918
E	51041.5619718435	37522.48747485819
F	-44308.006284984716	-4145.620519270603
H	-86630.09608474502	-3991.598588937596
K	24974.392081756032	24395.5955521078
N	-24099.362690784128	1827.2070487714088
Q	-27643.01177765777	6085.9320255688
Y	-72269.65693146868	-466.30276790920027
I	3251.252764420086	2209.679517656666
A	89064.40138780876	-6935.552983974935
G	35771.77103322577	-9997.380388876742
P	19942.701931099677	-18128.760497592935
T	27330.76550690957	-14048.099656045295
V	38239.27411060013	9.14652084742515
L	145466.78619463823	11656.424510523293
R	22591.811977563124	9092.462876515183
S	119663.88114008702	-35328.98865489397
