	PC1	PC2
M	4.623226768349583	0.5883873666756152
W	8.156598341360477	0.18358059155223724
C	5.227136151620968	-0.4300036369395626
D	-1.035492918740166	0.2702353465657723
E	-2.313143299695004	0.9304453229032272
F	0.8395906683360773	-0.4055752835519527
H	3.6276849734284116	-0.46269671126359857
K	-1.5804899125481375	0.6558643136665613
N	0.3256011313932921	0.08951846326499564
Q	0.3194336191928958	0.2021648154178063
Y	2.7822905955602164	-0.13632385003587927
I	-0.8036361416801171	-0.04786476076385019
A	-2.8950895428337566	0.15390984156621484
G	-2.245273811037072	-0.24043231549435165
P	-1.2043899749141709	-0.5004938393144599
T	-1.3230119152864523	-0.25757415880800766
V	-2.150690442041288	-0.05858185165934919
L	-4.847097608739972	-0.12049285909392937
R	-1.5059675884024377	0.14524875276393
S	-3.9972790933234092	-0.5593155474514679
