	PC1	PC2
M	-14402.89674266438	-700.3002152038445
W	-19678.772709157045	-560.9778021562689
C	-21645.60810623951	-554.3677212073208
D	2905.963743599418	1621.0935601768338
E	6593.275256598036	2863.3578178303605
F	-5847.706720652579	-823.1195358270879
H	-15125.558983808689	-211.73406131964708
K	-5296.559748507537	1121.2672858338062
N	-9572.15599763808	-95.1099125490307
Q	-7207.892377199471	814.8233447336559
Y	-11914.673495783632	-372.41260531334143
I	3783.271261709722	-768.7727973671663
A	27484.446095115487	571.4882193749324
G	15855.793285629477	-1212.108675181105
P	-1469.3110194220124	-108.34679110806897
T	2779.976211335231	-501.5074788453744
V	12972.683264034418	-626.0288673121165
L	30213.578047725507	-1587.1418755580728
R	4813.915759553566	1561.6798736302658
S	4758.232975772084	-431.7817626314166
