	PC1	PC2
M	-14714938.162223019	625653.4746782383
W	-18586593.92807252	1413323.9939088689
C	-20754474.045132425	1353525.1994677098
D	2882268.332029951	-194908.27211218915
E	4751224.767449588	-1133946.082586909
F	-7039108.457388792	-574321.1251122844
H	-14563580.26126858	1046880.1861069751
K	-5989564.869648587	-2374985.910220169
N	-9845968.060762204	-1064873.968968968
Q	-7734276.99923549	147386.8450297477
Y	-12091374.893205328	-292594.833203012
I	1144941.1785397127	-2225803.172942344
A	31826408.47716864	2650297.0762213096
G	16428321.973311061	451380.2859071937
P	138818.71175296712	1209057.8446848218
T	2694146.669618525	55884.752940522325
V	13267945.615896538	56922.17901704588
L	27484979.96525452	-1581481.837001191
R	7435409.319884607	1289342.4564444278
S	3265414.666030805	-856739.0922598116
