	PC1	PC2
M	4.264597117825812	-0.15557134773975886
W	8.452105861715156	0.1717653023282947
C	5.86669220241993	-0.15513601397122367
D	-1.6540177537663583	-0.2615374028089206
E	-1.8573015990533448	-0.07644433143559591
F	0.32165500409014675	-0.28381289452020436
H	4.708794566870149	0.0036493058656331505
K	-2.1661757423443744	-0.45229654584694107
N	-1.2721449965456337	-0.5802342529154491
Q	1.712182671157755	0.1977296613673286
Y	0.6672876404360838	-0.40828388129007653
I	-2.412209670284392	-0.47615788386118635
A	-2.339487180556658	0.6049783727228509
G	-1.6270380036000023	0.44799964399772635
P	0.05148549170381185	0.6359865437271918
T	-1.9294719392395037	0.08614817863529943
V	-2.42330431446994	0.16878706964211201
L	-4.357215751588805	-0.010620362493242464
R	-1.0572160453848443	0.4919654590577861
S	-2.949217559385036	0.05108537953837965
