	PC1	PC2
M	3.748579062087951	0.15558131429371838
W	6.243271571891889	0.312879076789067
C	5.128394150510611	0.004873165175662997
D	-0.8225964663892836	-0.4543386185085331
E	-1.7425232583917456	-0.3053641798061191
F	0.6234599182492497	0.39314591720636083
H	3.96957538459793	-0.3420311791981412
K	-1.7489059557983513	-0.3202697586992755
N	0.042587557172516104	-0.33822500123030463
Q	0.8430218773355838	-0.26508616882249286
Y	1.6788774073613464	0.20721412114824367
I	-1.5796452559191034	0.6935011661710482
A	-1.8033023263805679	0.018133064469374193
G	-1.7638810105122227	-0.22768663749926565
P	-0.4520257484913951	-0.049757385645209734
T	-1.8240240650033086	0.06626389491522677
V	-2.028243202890649	0.4192734434799313
L	-4.3361214899410285	0.556744312755177
R	-1.1012526508621103	-0.2783954748414272
S	-3.0752454986273086	-0.246455072153039
