	PC1	PC2
M	-118244.21798490464	-243.8462265599595
W	-166723.34020398988	2247.7748348304835
C	-142144.5686887491	-687.0744752473001
D	38436.783227737724	-13039.825341792757
E	46739.92332776778	-6064.383825204103
F	-32692.419718963138	-5511.062012970104
H	-126961.18660439664	-84.73397834177686
K	58186.24750046557	-24675.00016627689
N	22503.15216846631	-26753.46451915795
Q	-68507.78050608766	3107.2927552202336
Y	-43861.62358870471	-9853.231786905142
I	69534.57297729999	-17410.670843730168
A	68110.617319093	32463.712019159142
G	34023.33658010436	16350.766744974995
P	-25937.917318166128	16143.587340367425
T	47953.085027901594	2475.45154394093
V	67030.24353041439	12459.784923741392
L	167866.02419688675	3252.9300840038
R	10204.066071484545	17471.031539145668
S	94485.00268634007	-1649.0386091979192
