	PC1	PC2
M	4.395197475362557	0.04288101001074399
W	7.393663269073701	-0.4996493396095185
C	9.664210968155158	-0.24942036769866252
D	-1.8371469674627832	-0.030319093125226376
E	-2.3112352861978462	0.1342508671007797
F	0.8040938410172019	0.2084866645337455
H	4.333626475361982	-0.2946687695422998
K	0.2583535943143501	0.797723947288597
N	1.7044773239018283	0.6292976856953924
Q	1.128768278214895	0.08771564608903745
Y	2.7415922134689117	0.3414279676204771
I	-1.5676367933407362	0.4943896755656074
A	-5.990132470867408	-0.4158320035509321
G	-4.164192266410188	-0.21545079717696197
P	-1.0009714379044965	-0.45028581991452155
T	-1.697732422875127	-0.03701576840925917
V	-3.658558663557455	-0.15327570337039337
L	-5.721491976373024	-0.06251301974748752
R	-2.5499388200247375	-0.46468914789888527
S	-1.9249463338567674	0.13694636613974906
