	PC1	PC2
M	-114879.54747978553	-1275.6721819458025
W	-162665.37344769546	957.9412515360704
C	-138320.09059271068	-1831.948535515609
D	36789.18966958986	-4169.651989745087
E	43954.29749414467	-2881.0024032744154
F	-31746.22836111445	-6656.397618971497
H	-123456.56414418426	276.97127933637023
K	54597.37305030857	-22788.064261744563
N	21844.106980024564	-19042.298528673215
Q	-66901.0893459484	2718.089081969794
Y	-42205.3464808358	-10967.042059466683
I	67673.74635476874	-24619.215250839614
A	66741.54772053564	28614.82198373144
G	34484.99567334844	18816.70637706268
P	-23440.529496097963	16016.933242227993
T	46429.459793761656	3643.574578578309
V	66446.44887712605	6400.084608874663
L	163589.72069295612	-1950.4101695120119
R	9644.360024421363	15500.198506332017
S	91419.52301738698	3236.3820900391243
