	PC1	PC2
M	-98699462.00922927	202686.69712423792
W	-131319073.93046297	2025966.3751169655
C	-106741813.16878754	3110713.0120958155
D	8384586.240480213	-7979247.173495315
E	53664789.488596395	-20971337.090578213
F	-39118382.66913938	-678999.1869295967
H	-87192454.1051581	2628350.724022311
K	24747392.929270454	-17917128.256970122
N	-28924394.48946963	-4606558.88866347
Q	-25846081.36294603	-1989449.379519942
Y	-75903653.96190464	-313915.4343283465
I	-489388.16973756155	-6452403.807761575
A	78101466.3421086	9080072.246507075
G	46510057.543192916	10604248.125751052
P	18650330.05415208	20981853.26886549
T	17939618.24964174	6080194.783800255
V	43327055.064080514	-307439.4732110159
L	157230811.8616147	-8067380.7438913565
R	22764733.888812345	-329070.4616878305
S	122913862.2048853	14898844.66375352
