	PC1	PC2
M	4.607401155496307	-0.17746157719768565
W	8.193761112003182	0.03384655926173265
C	5.206367237171578	0.36898273690810157
D	-1.0571879459021136	-0.22181689770522342
E	-2.3754229444070876	-0.40250528325645235
F	0.8571964189335389	-0.10686690734162928
H	3.640284125872974	0.1386121467147784
K	-1.569511798041309	-0.4883845228812816
N	0.3491070577066019	-0.32773463477805603
Q	0.3137372617361131	-0.08510534864655946
Y	2.796893515687138	-0.138629943030976
I	-0.7545945246370704	-0.29095415857338475
A	-2.946623916750197	0.2802725007375075
G	-2.2222386685852293	0.36426211928782687
P	-1.2783007033815996	0.6067812445493856
T	-1.3128373259164625	0.13274696281792595
V	-2.1339509520070177	0.036797631858205074
L	-4.833598896144785	-0.05806670440521574
R	-1.4700562391650305	0.11254903935436826
S	-4.0104239696695245	0.22267503632665714
