	PC1	PC2
M	4.6524647476823615	0.15948158394475398
W	8.178680978474393	-0.22866223347476344
C	5.251812972658144	-0.07475149094380559
D	-1.1913904388111558	0.1673573567696914
E	-2.3347880456190087	0.4680279636876101
F	1.097034973469868	0.07482608377333545
H	3.6285795056918904	-0.05778087509847047
K	-1.5298650247995405	0.555514120297335
N	0.15108610496521138	0.25197689457652966
Q	0.37970159414763965	0.13517989468806518
Y	2.5798610580408017	0.1290719102694551
I	-0.8994668549084018	0.22532385222511286
A	-3.209115239895122	-0.34548826823632345
G	-1.9714445469189268	-0.4445331650018301
P	-1.247416573780727	-0.5500034946648158
T	-1.5483001417309001	-0.18203835763994955
V	-2.0115417985979476	-0.06039274593683441
L	-4.6546855320830565	0.13629674368146286
R	-1.4674400958098281	-0.10666486885705495
S	-3.8537676421757143	-0.2527409040594872
