	PC1	PC2
M	4.374090886123922	0.08022113523361347
W	7.309433329983203	-0.36209798522373826
C	9.676619938039233	-0.6106774375442138
D	-1.8381732369095822	0.0692350220370644
E	-2.254428694315888	0.3719587422200479
F	0.7589033873491158	0.14083756071966683
H	4.257679495248483	-0.29379645237068824
K	0.26762063684403103	1.0302964257428213
N	1.65860599511669	0.6636601748776568
Q	1.1154999214534207	0.2983671200897979
Y	2.7083290163622684	0.37353769254719155
I	-1.5779261013440173	0.40965483804928626
A	-5.8517188303129	-0.534366130350897
G	-4.094261602146737	-0.514112773193896
P	-0.9806737570117022	-0.43282022124242453
T	-1.7291358999364175	-0.058408386497706535
V	-3.636570167017067	-0.24648298195501017
L	-5.702447540788272	-0.1755150642207813
R	-2.522967072337384	-0.30754647115357625
S	-1.9384797044004543	0.09805519223580465
