	PC1	PC2
M	-14501.770398450091	-848.9157033930607
W	-19915.41875046602	-411.0097117013706
C	-21786.57516106612	-894.0484049797338
D	2787.9439365588455	1147.7833071151863
E	6391.445048850543	3423.414070541471
F	-5913.342048747791	-1111.8556122759244
H	-15363.164006582387	-247.38826096649424
K	-5395.136408663699	1658.6019288598643
N	-9789.620742972353	-339.0650829237582
Q	-7362.607567284687	1235.4497861945777
Y	-12125.005325101163	-314.9362494795266
I	3923.3975486634176	-935.0715978160987
A	28388.45150291788	1187.9141035641703
G	16338.006434535462	-2432.5456242511254
P	-1533.8984133482136	116.45555795759695
T	2606.200998414765	-781.6106384520118
V	13037.928316065636	-1133.4427535727284
L	30830.135327817217	-1571.0251685916012
R	4701.045967755939	2755.271183462784
S	4681.983741102824	-503.9751292922219
