	Archaea	Bacteria	Eukaryotes	Viruses
Positive_mean	0.14518987138851022	0.1401484991805627	0.1316898209267522	0.13812611853304516
Positive_std	0.025231160494730846	0.022641799727076275	0.02534590041196894	0.02411860256051855
Negative_mean	0.14390369120414068	0.12365794871878948	0.10973872676650674	0.11016444832987153
Negative_std	0.02254863576505749	0.018661022718660106	0.02509662449282112	0.022803965388002136
Spearman	-0.47054832787932	0.2433518941937629	0.4559882016621172	0.3070939911539178
Spearman_p	5.864145824145456e-05	1.4355081193727116e-10	2.946678642776088e-30	9.402387596684753e-17
