	PC1	PC2
M	3.84683117806777	0.41566416483801344
W	6.388875224381571	0.057895020793575495
C	5.072122955199076	-0.2964784205388947
D	-0.9234251681485073	-0.00024217280703545425
E	-1.7379785126676564	0.16509831092689237
F	0.7198067577356169	0.035837715370352956
H	4.002147801658147	-0.11652691502287889
K	-1.791303894782446	0.005353686353573632
N	-0.043537991997253056	-0.07557622977256426
Q	0.7969420470012993	-0.07017205087861952
Y	1.610598041851842	0.12061195444716721
I	-1.6150305899184654	0.3010585462209141
A	-1.8894649357339601	0.0037749197835325104
G	-1.7626078423035	-0.21736285329117258
P	-0.5005093771444764	-0.23755393608612732
T	-1.8582553825212413	-0.21283768602154907
V	-2.006699165761401	0.09859608240659631
L	-4.319394116022949	0.09927769136065057
R	-1.0531457631996028	0.06812873201224363
S	-2.935971265693851	-0.14454656009468544
