	PC1	PC2
M	-46.71954153027074	-1.429812219341301
W	-63.4633430745705	-0.6302613380925203
C	-56.53600374307141	-2.5877826517558775
D	4.57741299577951	2.690505366891536
E	20.752885495495736	10.311087303211634
F	-17.76642059041791	-0.8439716215830393
H	-49.35592365026405	-0.45260981864364597
K	21.0131168814331	8.729753394573176
N	-8.613901753047797	3.0029361537846064
Q	-19.211053753147496	3.007057922052974
Y	-28.206299490637964	-0.9629841147709747
I	18.97903793102824	-0.8924148568267647
A	23.66953063746919	-6.069316454925154
G	21.180737621644408	-7.256501656009413
P	-1.3802413284173816	-3.0242978558317817
T	22.462890986670132	-2.7910264000247453
V	23.708107054045875	-2.6789537543437025
L	78.42146881892026	-2.9375493252405156
R	8.568725363560537	5.280588805272416
S	47.91881512779831	-0.4644468783969401
