	PC1	PC2
M	-117332.42377399368	-2220.0025280182317
W	-165882.82312053622	1601.8280837376979
C	-140917.46297023993	-866.7291183057246
D	36503.45275751789	-7494.2127086567
E	44854.50926110755	-7171.487462306873
F	-32451.713476113073	-6226.163788326429
H	-125872.74859739988	-53.23299722238595
K	56557.087753626736	-25436.854389351072
N	21395.20981976291	-22576.35289319221
Q	-68616.41589638572	1040.4879582796727
Y	-43303.3372636324	-10756.139689124915
I	70506.99813031705	-26701.85553252532
A	68778.56394663737	42580.907843788555
G	34313.28803070849	20852.07727495626
P	-25265.603283405253	18757.661815780117
T	47217.11787033542	1947.3781039949645
V	67743.31019342662	4111.432051323841
L	168695.32395815765	-2503.575542238156
R	10051.284668351664	16909.485692969927
S	93026.38199175663	4205.347824437026
