	PC1	PC2
M	3.962373118698643	-0.18781927421852007
W	7.423338368121524	-0.6703888526812743
C	9.612005853734122	1.6279976017066093
D	-1.802843031668211	-0.13153242538415888
E	-2.4054591165385864	-0.22858815633969293
F	0.45604856862963206	-0.07966170973854701
H	4.213925010809322	-0.19315305237286973
K	0.3558311780880367	-0.6326853903241881
N	1.720072815522068	-0.32559875396248217
Q	1.0324753913794313	-0.5042035549278618
Y	2.5964538453114208	-0.31276564624382325
I	-1.789151101612157	0.18007611358661582
A	-5.4260641209782685	0.3706405730289679
G	-3.9747030107543213	0.42228067109966905
P	-0.741392053934402	-0.039147048845404986
T	-1.6723728522864536	0.007458711855784577
V	-3.523636544038841	0.32737260278558816
L	-5.807423998540041	0.4943326727862259
R	-2.159737919875137	-0.16819854647048288
S	-2.0697404000677446	0.0435834646598222
