	PC1	PC2
M	-14887001.010596843	632194.922475855
W	-18869782.260568153	1320606.0471515334
C	-21037754.4764254	1325842.431185389
D	2815909.613243484	-258634.01152936736
E	4920726.816099026	200700.8536548668
F	-7198217.471645017	-685421.6157793314
H	-14799630.331773285	977682.9520467025
K	-5911822.010077279	-1588661.045165055
N	-10034931.384993786	-1251445.2436699043
Q	-7779372.680377112	562073.1180218284
Y	-12294680.623260282	-220261.199968026
I	1349251.8950016326	-2033806.2782671805
A	32490039.198682074	3035234.1565391514
G	16368827.338332696	-1339596.8780677523
P	-58936.9473546008	735391.6916071005
T	2535276.906988371	-610657.5818874716
V	13449345.002413444	-614858.4684444881
L	28200062.66683206	-849282.0710590346
R	7630917.302009823	1995810.8902017463
S	3111772.45746915	-1332912.66904656
