	PC1	PC2
M	4.3784380218540635	-0.21587422496850095
W	7.316769574871982	-0.4224885600448023
C	9.710612082635688	1.5942899001575968
D	-1.8257278929913299	-0.10674814345786675
E	-2.253336937081555	-0.29607450304253824
F	0.7643053346431921	-0.17215392698323706
H	4.283114616609638	-0.09121992213172563
K	0.2574465053290149	-0.7956013645083321
N	1.6627613568611082	-0.5421415438243842
Q	1.1243964432509646	-0.5007209331628127
Y	2.6980201529956567	-0.4024187781599369
I	-1.567472135593802	-0.010909138844529582
A	-5.892245965254003	0.5220690126979846
G	-4.104976289760155	0.4499782850293394
P	-1.0142787828516762	0.1406410007133685
T	-1.723569050833527	0.01426600363445736
V	-3.6171628194023446	0.39625142445735184
L	-5.698048850461684	0.4419437863996312
R	-2.5334996873612248	0.019249779457048723
S	-1.9655456774600606	-0.02233815341812042
