	PC1	PC2
M	-14499.568766987471	-433.35149034017326
W	-19924.27768648804	-78.97649845333278
C	-21942.423519321223	-359.2223132552743
D	2794.1591790337757	663.8756691302352
E	6569.299409877899	2923.12913934099
F	-5907.668721180818	-722.5027003256762
H	-15337.194465430879	-37.31763458644607
K	-5259.324308521928	1390.5845906568557
N	-9764.78646385615	-454.46488768533266
Q	-7214.774253420407	1181.7745480017081
Y	-12108.059300872432	-174.4812309710292
I	4090.5185923761833	-1147.706927259595
A	27964.535059349044	1294.118014379685
G	15786.840305315716	-2685.9053527856486
P	-1659.4902407894579	-335.122084497046
T	2594.766695609112	-783.7357220067785
V	13174.185605549526	-1814.1551820865852
L	31047.889356799747	-157.2635185178651
R	4969.745747711813	2363.910611328373
S	4625.627775246017	-633.1870300670656
