	PC1	PC2
M	3.97625652912321	-0.09336085372653256
W	7.463332284914668	0.021350313537187034
C	9.495878357110815	-0.4892393638167307
D	-1.826716878924442	0.23685132008774948
E	-2.457142446057243	0.36050230488238
F	0.49760335983619786	-0.1706552855145582
H	4.263143487945604	0.013387964556638661
K	0.35094715821266376	0.5679803621108637
N	1.757892486536058	0.26034813136178164
Q	1.0426880501757831	0.4047335956746825
Y	2.6333296983829695	0.07061571051239983
I	-1.76940085189065	-0.06691424812469862
A	-5.480976572455436	-0.14164506513613687
G	-4.030257761518534	-0.34692532071453486
P	-0.7000755615750001	-0.11508372278200286
T	-1.646945018307117	-0.05297540467812467
V	-3.5587514998217396	-0.13857598540726504
L	-5.8140893826373805	-0.3569911167603836
R	-2.1595675099367124	0.13036143357694566
S	-2.0371479291137033	-0.09376476963963284
