	PC1	PC2
M	4.362868801971844	0.05877748971065358
W	7.357557280920959	-0.49445951707887775
C	9.610736067591011	-0.39117666302425597
D	-1.8309457613852966	-0.0017954931163736828
E	-2.269965350574207	0.22821181990841521
F	0.7854589049760117	0.21755984259444583
H	4.321457590967223	-0.2955192991682267
K	0.2759074785210686	0.9219932473678175
N	1.6907582879150018	0.6769442478755429
Q	1.1320958162198185	0.15845609947333078
Y	2.718825595783984	0.37190744373960055
I	-1.5672465426047157	0.47170761315543197
A	-5.9348339453208885	-0.485612265179048
G	-4.1377533575648044	-0.2778552368658563
P	-0.9916539132167506	-0.46009454883598583
T	-1.6904271999523777	-0.057204018850230486
V	-3.650974452090813	-0.1958424848169023
L	-5.724237778053465	-0.12708835764114215
R	-2.5322646764944032	-0.44590462893426625
S	-1.9253628476092004	0.12699470968590498
