	PC1	PC2
M	3.7489161681330185	-0.3905590917171914
W	8.706707568322797	-0.39595381197597723
C	8.887500500033127	0.7706841153251954
D	-1.7697507475415852	0.2352803567644682
E	-3.7158277274964298	0.31487340977314754
F	0.40868216039530336	-0.21129700810243734
H	5.910718751689938	0.2199415676229361
K	-1.3677675790523078	-0.1543920512456477
N	0.6860802433439898	-0.08986580752669214
Q	4.232177503620761	-0.42676616452811195
Y	0.6497939883245192	-0.09469894244304089
I	-3.625037363461045	-0.23035395728216065
A	-3.771304862098722	0.04384969788817357
G	-3.7524770846704176	0.20574438015152077
P	-0.18921706151462941	0.22305622063933053
T	-1.1787885712970423	-0.06966305404911387
V	-4.151216429036707	0.03610124536164496
L	-5.371813332546184	-0.09849194612390065
R	-1.8435637164121037	0.1798015320034925
S	-2.493812408736251	-0.0672906905356463
