	PC1	PC2
M	-685379.8270609056	-8589.161481504652
W	-947865.3838997997	-28948.586947645425
C	-972320.2364359323	-23140.19046520123
D	320681.2425285968	-22145.191339441288
E	656522.3346607368	57128.79621890644
F	-304591.3337168302	2677.9586530142915
H	-780772.0830225769	-25251.18010038641
K	-7646.735151468069	146482.14044727376
N	-357740.97266443836	49935.69083979603
Q	-644950.4614668016	-15593.83885428572
Y	-366893.53457936336	25768.33386305551
I	445078.01575781766	94357.28100052394
A	844981.7127176189	-115490.49418380509
G	657883.012169697	-77167.65463335036
P	-160459.65893536573	-26315.102469348927
T	114079.25303147672	-45276.13342372813
V	730270.2673360627	-36904.47837787158
L	1054020.3906647246	43684.67782503344
R	152214.6563610983	-2450.2294407594177
S	252889.3417056525	7237.362869724927
