	PC1	PC2
M	-688850.8704397732	-35730.01335810563
W	-953490.0821671966	-40369.03450316429
C	-974677.3794012595	-57244.19977305724
D	313793.6148109766	69039.14847813557
E	630029.4071650087	314436.1183514464
F	-307026.42202225974	-46380.058700493784
H	-784755.3223983365	-37591.77092572556
K	-17376.534462742104	221950.34079259535
N	-366215.4419281953	28752.954220256157
Q	-652273.620000813	6287.255828070373
Y	-368767.58406522905	-5051.818473733123
I	450699.2514127919	30004.183932155145
A	877219.8541729734	-193566.95803794492
G	671435.4612224958	-158056.26407279642
P	-160426.5129684101	-23018.70084792512
T	111680.27424496946	-47787.510595439446
V	740423.9349604216	-61147.610145192266
L	1079314.0832904263	-64498.3476798128
R	148751.8063339156	116853.08836126787
S	250512.08224023797	-16880.8028505361
