	PC1	PC2
M	4.249058564004052	-0.07084923243351401
W	8.696654143439046	-0.422389918865042
C	9.3022925734365	1.0878737034023886
D	-2.59567349079433	-0.17421851830169718
E	-3.816179798502952	-0.6784240955256003
F	0.6585958367228688	0.128371715869051
H	5.435828052415192	0.024839462107570105
K	-1.1175786777407881	-0.7190826288249589
N	0.9588267952163668	-0.2941860290933587
Q	3.7131636952722182	-0.5334917430976038
Y	1.030400530350662	-0.1602282256994758
I	-3.1759292618654174	0.026445691141613097
A	-4.237905427940444	0.525998052239779
G	-3.8309305780046725	0.7721769800573831
P	-0.21792154890823426	0.008441013347724739
T	-1.6968262889742596	0.16480099324076444
V	-4.064781574701788	0.3220023355699639
L	-5.088651698534325	0.2789244698461107
R	-1.8281465299267035	-0.3333244977664516
S	-2.374295314962939	0.04632047278535128
