	PC1	PC2
M	4.1734349543113	0.7437007784196972
W	7.411716649563844	0.0626743953042899
C	9.647013109165735	-0.5769494235695053
D	-1.8451113714877452	-0.22710798619500985
E	-2.4031467861382847	0.3113437551774459
F	0.5554923061452288	-0.423526780179731
H	4.203820604157583	-0.3665561001953825
K	0.383145821339305	0.8833562105189283
N	1.6803765268836595	0.22166446961300892
Q	0.9952613395844437	0.476025288683564
Y	2.73394293512038	-0.26732097479969213
I	-1.7221659404526577	0.16489861382315588
A	-5.491023652235821	-0.06409733972609306
G	-4.1200352256155135	-0.5011620277548269
P	-0.7463341690663637	-0.0396818597743371
T	-1.6377399784498492	0.06561852123546087
V	-3.573893738676146	-0.013179646710596364
L	-5.842299617214245	-0.15635444163078208
R	-2.3059638186965854	-0.08846266119330533
S	-2.0964899482382124	-0.2048827910463163
