	PC1	PC2
M	-14886622.08314494	780083.9422489682
W	-19076578.575715996	1006112.3155832334
C	-21076862.707771566	1084280.3269254805
D	3041649.803013861	-232904.92533069078
E	5159546.606095804	359524.79925345123
F	-7124459.954031819	-753154.1920150532
H	-14979204.564140445	846337.2256459722
K	-5491342.400277298	-1059857.6745265913
N	-9949490.821039412	-824426.9010985176
Q	-7828897.108964125	1126421.9858248928
Y	-12299359.867178082	-136792.9355797248
I	1459958.7424707524	-1319598.37804944
A	32572476.63746694	2998617.8320693905
G	15618759.040347781	-2123132.7465279293
P	-125091.31548709798	148841.24905024655
T	2966921.031497796	-807552.1056837331
V	13318685.148897376	-595095.1050759611
L	28038732.81718565	-59734.76071027735
R	7192355.568345978	1043961.7904124266
S	3468824.0024288944	-1481931.7424161339
