	PC1	PC2
M	-97075.61408618385	-519.5659537482194
W	-128264.12277997681	-3081.2470035454453
C	-104983.04695373557	-2195.971950546169
D	12413.467610583442	7749.540832336467
E	50932.69745848215	22469.906113544745
F	-43773.58860906559	769.9671559025952
H	-84905.8239922593	-2636.6053844840426
K	23550.62681332769	19406.11465101916
N	-22795.816964616537	3948.7370604521634
Q	-25775.532645638752	2076.434195721923
Y	-70861.32114933207	814.2216194802727
I	3753.7630186392084	5838.337706833736
A	86949.10509815028	-9943.106008799905
G	36486.198403428614	-11063.833255438956
P	17051.916360144813	-17811.55906215072
T	26574.916817990976	-8065.783946263809
V	38206.40200222705	213.17803233195417
L	144146.63595068658	11821.271470271624
R	22294.11929418023	143.23280533686705
S	116075.01835296759	-19933.269078254296
