	PC1	PC2
M	3.7804258943084523	0.04351656085450941
W	6.225119006444764	0.07110100522453876
C	5.093833450223499	-0.4069850596618254
D	-0.8545098152642818	0.12796475919099007
E	-1.7112881678904137	0.5344238422156317
F	0.7072597627164231	-0.14199341635100063
H	4.054587930937544	0.03075799710746045
K	-1.7735198399664593	0.2901703649100721
N	-0.04404688956900802	0.1894969889487706
Q	0.8442485895267926	0.41230538012592804
Y	1.5930262593310602	-0.14422257328222324
I	-1.6299902283262842	-0.1272316856636776
A	-1.8651994432747672	-0.24801812588319536
G	-1.7399099515519858	-0.4188589108702776
P	-0.4467290000904004	0.029694543987824847
T	-1.8251547304398208	-0.003152261329695857
V	-1.9554561547395517	-0.17948383382826347
L	-4.357688724662743	-0.35360914834051604
R	-1.1135020429244646	0.24840605890902695
S	-2.981505904788356	0.04571751373593119
