	PC1	PC2
M	4.246930980663683	-0.20971615137653857
W	8.402953924484674	0.24111148033767352
C	5.868257686894415	-0.23079006669725494
D	-1.7068942300170729	-0.12588307982037078
E	-1.835572515186416	0.032500879348578995
F	0.2980116453704328	-0.30366253331757176
H	4.7121280599270845	-0.03006232493062848
K	-2.1171532600315257	-0.4408671535652097
N	-1.2919011817711825	-0.5724861150664257
Q	1.7060272397050191	0.17386174204044325
Y	0.6749541897298504	-0.42181251779962026
I	-2.4018022898028506	-0.5998546791189806
A	-2.3073677140322197	0.7398618805260955
G	-1.6376148906439407	0.41843198015977356
P	0.05964926165944834	0.7309645498477613
T	-1.940491670633243	0.05316012807263836
V	-2.4130928172937094	0.03684146213865133
L	-4.369855897104808	-0.11257722229716886
R	-1.0128077621625986	0.5419082851705433
S	-2.9343587597550473	0.07906945634762462
