	PC1	PC2
M	-99312283.94922349	-1364924.9466560737
W	-132029748.76099472	-3538229.1747228294
C	-107243942.26965226	-4380542.60217552
D	7926896.987432262	10005409.525436698
E	53074191.48821839	28469762.53437553
F	-40108287.9934642	-1957131.5201348918
H	-87992746.10409641	-3035675.7000308265
K	24393844.44858166	25060858.375003934
N	-29509500.681054875	4495098.487141494
Q	-26264655.30754178	5965821.150889567
Y	-76653563.54118046	-989425.5331077157
I	-696630.4271730855	5900233.04987324
A	80153533.1753399	-15100111.740871206
G	47208530.31961771	-15659469.229048695
P	19503897.42904234	-21241208.87278759
T	18024447.295549307	-6461827.488030626
V	43298545.19805651	-1124580.0445248017
L	158424175.68481392	6305282.004496436
R	23250842.017201554	4525461.562051287
S	124552454.99052794	-15874799.837177383
