	PC1	PC2
M	4.626719225792655	0.17127722271438753
W	8.134073836727486	-0.0803178152109782
C	5.250152263237768	-0.3254241549761075
D	-1.1703700380337068	0.28000076997712087
E	-2.2988377132109004	0.7365518284979452
F	1.0706586165991296	-0.288695344533037
H	3.6214821694973782	0.08070564314739219
K	-1.5261880865189705	0.7057472145550838
N	0.13024889639994136	0.15643879366414826
Q	0.38539747830500526	0.4836260701737934
Y	2.5624565586795827	-0.05208646636836829
I	-0.919611891429513	0.009369420170138976
A	-3.1552263703746775	-0.33827793635828635
G	-1.9556105591331976	-0.6534007933607476
P	-1.2205263245988134	-0.3053147860335168
T	-1.545639821835678	-0.18995163088282258
V	-2.0329128425956062	-0.20184001944934168
L	-4.647912896460947	-0.1365034887984991
R	-1.463917567506809	0.1528416670801531
S	-3.844434933540116	-0.20474619400850028
