	PC1	PC2
M	4.661269596647673	0.1010784725631011
W	8.183991237464834	-0.3325405631517987
C	5.243361605422402	0.1360587760449608
D	-1.1693432701414643	0.13811195579282678
E	-2.347527621457628	0.4090498695760999
F	1.0933632035289393	0.01217714130160307
H	3.631848758338969	-0.012575369523745017
K	-1.5322605568309249	0.5251906334415567
N	0.15790594773167563	0.2724887457836852
Q	0.380532504682711	0.13474225100492002
Y	2.5943521569191987	0.08120864768000491
I	-0.9113147787866394	0.19642603797658603
A	-3.220978388192951	-0.36718078543011295
G	-1.9644115795341124	-0.44725537438461344
P	-1.2563088706812096	-0.46397428910951416
T	-1.5500043836249793	-0.14307573108345006
V	-2.027699761920424	-0.05506005709680233
L	-4.640119738550639	0.09541577183022525
R	-1.4619426324711444	-0.10332031154871879
S	-3.864713428544247	-0.17696582166680166
