	PC1	PC2
M	-97909211.71661559	490380.694842717
W	-130392138.16630283	2558507.679701763
C	-106128794.99687658	2435270.9323820663
D	8700701.73537552	-6822529.346504905
E	53152216.10229233	-17941349.840032987
F	-39274369.44663432	-327046.53670357337
H	-86420379.04942611	2919353.305158306
K	24374036.301030334	-17295686.37323056
N	-28458960.088107064	-4235153.94445352
Q	-25634928.83101277	-1361576.8541062225
Y	-75170460.59361036	-472189.09470198356
I	-337048.1958143864	-6587254.905996068
A	77213868.72454523	8778159.831543121
G	46651285.5765888	10737444.846635628
P	18847367.730492678	18206122.02161931
T	17696629.94684732	4197382.133483232
V	43156943.19884573	-1235980.9419383872
L	156165881.7511428	-5223380.841545806
R	22436099.477309015	-378423.21246219793
S	121331260.5399304	11557950.446310038
