	PC1	PC2
M	4.603060832607602	-0.11617241993781754
W	8.197513283795743	0.11663315724449304
C	5.195966888265884	0.18260722010224728
D	-1.0382749412867454	-0.1908547553346512
E	-2.3832667067214746	-0.3352283185755151
F	0.8389860475888565	-0.07272812410470526
H	3.6509886238856635	0.13773557372258466
K	-1.5633647453223833	-0.4790140349573685
N	0.36256079305435857	-0.3072782711210581
Q	0.3116843172100814	-0.06323823858395276
Y	2.7989995512371864	-0.14043115801606154
I	-0.7618974457301948	-0.28983755346257284
A	-2.9580617288970044	0.27926125365093224
G	-2.218024077605432	0.35376359232513876
P	-1.271790231289518	0.5460572632992797
T	-1.3187073958062403	0.09802518452612517
V	-2.140183382485327	0.013675492803745122
L	-4.8289158307966344	-0.02508622735519306
R	-1.4611014421390958	0.10219593580204281
S	-4.016172409565345	0.18991442797229177
