	PC1	PC2
M	-96356.27337721243	-404.62985556119617
W	-127298.0614644888	-3214.173550133914
C	-104288.6192528672	-1462.9835435655243
D	12647.790712433598	6321.18603606379
E	50703.73441042073	19890.072075984306
F	-43936.22849568631	672.8471253822622
H	-84086.38031738975	-2253.747026584621
K	23519.676180666283	17927.503580818528
N	-22212.12015419383	3732.639046216645
Q	-25485.785130556647	1880.2856410920726
Y	-70193.85787361937	682.0656450540373
I	4210.697554828828	6359.699541774694
A	85857.69324800678	-10609.200707680651
G	36385.68330739808	-12474.046044777064
P	17348.794120532933	-15791.152546463256
T	26085.17161735023	-6277.134895579403
V	38147.144537291206	947.6795244078229
L	142596.4192657354	9732.448658962972
R	22253.57104940805	-505.21843266443324
S	114100.95006194226	-15154.140272747112
