	PC1	PC2
M	-116158.199324996	-2048.2700262820345
W	-164525.80671543645	1288.6093230797042
C	-140120.7364528376	-1377.2039529757308
D	37150.30509582684	-6202.113985303979
E	45145.91172568816	-4834.063487640617
F	-32214.300605444343	-5133.163712445391
H	-124820.38710571647	-17.567866852458895
K	56202.97818512508	-22702.680016990384
N	21897.015344620297	-20815.666553550283
Q	-67849.21966370937	1879.3692001038005
Y	-42793.19399233848	-10494.956162417624
I	68486.16575299915	-23387.036537397373
A	67572.0995606547	28242.83807798733
G	34128.05835545338	19071.429647825782
P	-24638.88252612539	17408.314047960965
T	47067.725061049	4265.068306988046
V	66920.32515174532	7410.107512627903
L	166041.04748802667	-952.2258599788153
R	9969.268951075295	15713.930230183929
S	92539.82571434033	2685.2818150772027
