	PC1	PC2
M	4.284312495627945	-0.17422082300049757
W	8.468636269410423	0.2415905773006264
C	5.870051222317767	-0.19450410958587797
D	-1.713175663228679	-0.1470175647094716
E	-1.8709141808101242	-0.08847483728860932
F	0.32071958229812086	-0.18559535738544786
H	4.724814307887533	-0.030878026302540582
K	-2.120637357585803	-0.47844956335728506
N	-1.2808104128275801	-0.5525045055754936
Q	1.6972290691189487	0.09216427866603243
Y	0.6944687304437831	-0.3751438783253234
I	-2.408065758267757	-0.48656741046847696
A	-2.3661098732475567	0.5574223662442623
G	-1.6451276791431404	0.4424777369584019
P	0.03248712017632388	0.6597371591833757
T	-1.93471733410353	0.09446301621505859
V	-2.423830922146015	0.15286048962197993
L	-4.359429421661781	0.008025472088100158
R	-1.0261297223571826	0.4285388400749335
S	-2.9437704719016513	0.03607613964626029
