	PC1	PC2
M	-46.109667937652546	-1.2587608329892634
W	-63.07301021980448	-0.5723657898001733
C	-56.113611730815144	0.48451857133205306
D	5.290497709713156	-2.4339553312516404
E	20.46747491491262	-5.057575719043456
F	-16.565812165580304	-0.7493786299951655
H	-49.212833331050234	-0.39371608929051444
K	20.95914619799084	-2.8733829030927076
N	-9.187209234438246	-0.9685871964571594
Q	-18.86493820379824	0.21962242334256732
Y	-27.94923314032494	-0.8456769568547479
I	18.318807273275876	-1.9716213240876856
A	24.0496293209075	1.942889542043833
G	20.116251485531926	2.0980318387341463
P	-1.1188820510643598	6.029362480069122
T	21.575641661242745	6.823673740089896
V	25.46879243627941	0.1807478625477181
L	78.93429509693561	-3.0442605574423185
R	8.41924651640529	0.40689156243756885
S	44.5954154013335	1.983543309707923
