	PC1	PC2
M	-99430701.49239822	-572892.0299916546
W	-132276441.68065871	-2336593.6669441
C	-108224489.70690288	-4992382.719063382
D	7987918.874191577	9070778.277526991
E	53624615.58399962	30030693.585195486
F	-39539958.54473502	-3165803.354668515
H	-87800936.92703728	-2113196.427922005
K	24855065.65202375	26446421.763997328
N	-29230829.354463752	4077931.9395731045
Q	-26269995.229630686	5645712.109343935
Y	-76574884.72156624	-1420743.2759488667
I	-506193.7978886888	1754427.8117630514
A	79448341.31888016	-8004971.247624974
G	47022942.86338333	-17498560.315649565
P	18510011.46063493	-21409633.395492326
T	17667851.507431224	-6250029.039722169
V	43455684.17598716	-3748250.636550696
L	159928874.0727814	2672519.1337366374
R	23101747.418294556	6718365.107651776
S	124251378.52767383	-14903793.61921016
