	PC1	PC2
M	-97885.85217658844	-424.35035928756423
W	-129269.60842495534	-3099.770567692208
C	-106525.57390322101	-3071.646162498423
D	11491.486919069626	8399.775902790294
E	51460.14659977698	27863.562264838605
F	-44254.00819115259	-1051.6439310562134
H	-85600.38094629643	-2182.710163519676
K	24540.449667010813	26073.102371064393
N	-23090.255362491644	3881.225888061527
Q	-26430.781878234837	4689.874367075629
Y	-71608.10946822388	-588.7578006559988
I	3947.376839732277	4457.808400946939
A	87844.31866845774	-9611.617374504813
G	36993.83203571186	-17798.683732596022
P	17019.41637954905	-19211.944340189042
T	26208.113036197028	-9450.3265006359
V	38347.52473143101	-2550.6351324573093
L	145923.16389027686	12604.324309020529
R	22736.327294846433	4684.1374738836685
S	118152.41428910456	-23611.724912588445
