	PC1	PC2
M	4.275612820481434	0.038338076275422274
W	8.835747995875419	-0.35238093908696316
C	9.337840949785924	0.2094736322108011
D	-2.629417704676481	-0.15823138923948218
E	-3.8998024642280975	0.02686369940974847
F	0.6951542091801056	0.042867512041480586
H	5.54037172183843	-0.18062570145113022
K	-1.1703899205178707	0.621928777815619
N	0.9990083054699014	0.48225880874684807
Q	3.7795302835727087	-0.11576058956053459
Y	1.0643699311088648	0.17420352448269338
I	-3.200200239983377	0.37661274214965007
A	-4.382952832438157	-0.3690199256284464
G	-3.875590882147046	-0.15398350528436522
P	-0.248609837942778	-0.17394857072055264
T	-1.687105659281844	-0.15975326681979815
V	-4.106450998422389	-0.14465561904617744
L	-5.130746396776857	0.007419090219935218
R	-1.8287097364863547	-0.24585409935720612
S	-2.3676595444115467	0.07424774284241223
