	PC1	PC2
M	-7515.852110519893	94.79645498353673
W	-11272.759245061588	251.84160317537936
C	-11433.117556929328	284.3992057521943
D	1440.7975742494036	-415.7966753198866
E	7250.602393656404	563.0137964131135
F	-3099.470229986995	-220.8274806611685
H	-9603.697030349818	199.77261275098576
K	660.8344425928586	-252.45037262567476
N	-3559.136185222984	-351.4026097387416
Q	-8183.704286727953	15.493302930844727
Y	-3644.573613232916	-17.453987152331873
I	7187.129694721203	-197.8783195343523
A	7588.649674053783	-195.73724088762972
G	7410.538716675021	-270.77123050898314
P	-1972.9789877488179	227.75087515828343
T	-14.301491856323796	-800.3501774469587
V	9077.366544881505	160.70691139761394
L	14073.748158872053	530.457591035123
R	2083.6973988351992	991.2177204998764
S	3526.2261390991944	-596.7819802212275
