	PC1	PC2
M	-673328.7190717175	-5596.274206333727
W	-933292.2626943367	-24716.69943126377
C	-958285.888389194	-19238.467640141178
D	310690.2803485696	-44718.36690648498
E	638850.2217866732	18237.60463197454
F	-297318.94945275655	17100.464686543815
H	-766982.1619823326	-25776.316160431063
K	-14055.088775440461	121646.21394734782
N	-351485.2314959519	49950.06510591722
Q	-635947.051062158	-18060.715911181836
Y	-356419.91384129337	27545.67377746005
I	440489.31431626354	116049.65338354735
A	829735.9650929907	-103743.083198863
G	645059.5851016493	-46612.39118024479
P	-154385.01082503545	-27182.317793802267
T	113478.8692157124	-33862.03463230333
V	724690.2360421414	-24573.571569613967
L	1041933.6360913143	40920.3518486185
R	146030.21315000145	-39055.9391135696
S	250541.95644490185	21686.150362824832
