	PC1	PC2
M	-46.53961519460133	-2.3191112161632708
W	-61.655519904332316	-2.315678791977565
C	-55.90783331157513	-2.415004488585493
D	4.263702617491099	3.6576162549823676
E	19.92304124280906	10.348613727920092
F	-16.951714779260243	-2.543213678286814
H	-48.82782618191352	0.2157579457086364
K	20.493500731873155	4.713635202873451
N	-8.890712265191496	1.271017143454744
Q	-18.663000569852063	1.1998398835719237
Y	-27.88103777267613	-1.5051943935371253
I	18.966842184834395	-2.5824573130229305
A	24.009336007771825	0.9431935004996629
G	20.934446515265314	-1.0768114132898272
P	-0.9180137027400997	0.8679727154690828
T	21.416651308483303	-2.802402507860119
V	25.16855693415182	-2.690621084185283
L	78.61682602898692	-7.171929724518704
R	7.975880719125516	5.225126960542871
S	44.46648939134984	-1.0203487235956858
