	PC1	PC2
M	4.252495465614444	-0.09809083129988591
W	8.411228460462073	0.22061304585778904
C	5.86666368342257	-0.24376573923997485
D	-1.6930412174252378	-0.07240503491102541
E	-1.8344572018691123	0.043802225267391554
F	0.30989623405907135	-0.264031118197538
H	4.749761463082887	-0.05036673870584966
K	-2.109244636611545	-0.4026457052445683
N	-1.2635467266365612	-0.5150035933644085
Q	1.720414724508544	0.2084499650624949
Y	0.6801043208918326	-0.4241299301287105
I	-2.4158947841018854	-0.5466891342625739
A	-2.3657258631498435	0.617514783878127
G	-1.6329123737667337	0.3643245122864792
P	0.023041656274334518	0.5584682645571568
T	-1.93734141378486	0.07857908920110414
V	-2.4450990780515554	0.09740737254282486
L	-4.36656868425165	-0.11176027186591111
R	-1.0142732345677097	0.4732283337912216
S	-2.9355007940990805	0.06650050477582085
