	PC1	PC2
M	3.7475275333314078	-0.34958382537612376
W	8.716709603324677	-0.4981694360343066
C	8.973386040462813	0.7302279947762509
D	-1.8382748107725284	0.34467043750501175
E	-3.7358558035267135	0.41283976130071365
F	0.42097473346744607	-0.341183711892819
H	5.935883095590474	0.1125229343032049
K	-1.411603721653007	0.025902221076113938
N	0.6981220628367383	-0.009634782651330517
Q	4.238175312871633	-0.14689460420375355
Y	0.6946142272248675	-0.005417637396467665
I	-3.6233524824984236	-0.23108456580248168
A	-3.788262264261948	0.056933140464818933
G	-3.7767653133977346	-0.01987622249701301
P	-0.18739865624879454	0.04319267713986212
T	-1.1831922154231413	-0.009989547035700163
V	-4.19141584858791	-0.017684621842583452
L	-5.361662354396725	-0.11524043102927235
R	-1.8397722020647604	0.11514289728081355
S	-2.4878369362783888	-0.09667267808491743
