	PC1	PC2
M	4.275150943447818	0.06626088624155517
W	8.82192936244495	-0.24184464676068368
C	9.31680580064303	0.016937990854798676
D	-2.632059053980403	-0.18150639643921887
E	-3.8720722919471298	0.07420112976898162
F	0.6923123405196053	0.10050676888632276
H	5.533356473093312	-0.18873589683998435
K	-1.158544774378109	0.6770540593743565
N	0.989395235270761	0.48067830103285647
Q	3.7693313265149375	-0.03023418357061799
Y	1.050961564877817	0.1930642138668126
I	-3.192723999451724	0.37593051019878276
A	-4.371741887969657	-0.3967338661201508
G	-3.8783730640262433	-0.22383342904893166
P	-0.2522219799672641	-0.19528727054323888
T	-1.6837958249630185	-0.192069027299472
V	-4.089755909230944	-0.16351693864166403
L	-5.119567139766398	0.008602355111577222
R	-1.831920723411163	-0.23890140852992522
S	-2.3664663977202234	0.05942684845784913
