	PC1	PC2
M	-7576.588841288511	-198.9380075504742
W	-11332.090930352235	-236.50114237054186
C	-11504.145863407639	-56.731531029622985
D	1402.5291361037894	618.0146195184326
E	7117.096700129451	2100.5611355949845
F	-3041.395548742309	-465.8763181687177
H	-9689.191559931825	-80.23300181190584
K	647.5754490191173	617.756526722879
N	-3623.0359112226515	144.2417361756115
Q	-8265.726505470804	-38.60966523013072
Y	-3709.2374268866215	-28.703548978869783
I	7325.89355868843	25.398419359530486
A	7653.65083762569	-593.8314906789205
G	7513.10987069921	-785.3367520555498
P	-2027.894351965472	-135.32957937545137
T	-54.08374845736437	-313.98273637472107
V	9218.232853546404	-396.84343762602754
L	14199.446382497226	-706.4522897931654
R	2083.402979682979	913.8322323682127
S	3662.452919733157	-382.43516869555367
