	Archaea	Bacteria	Eukaryotes	Viruses
Positive_mean	0.1281461160918669	0.12975613371464473	0.1398723179005392	0.14194532090350034
Positive_std	0.020162533870903273	0.0091611863731889	0.007108905577471188	0.016641899865931065
Negative_mean	0.14826106702712072	0.11728441516613576	0.11552800019212421	0.11830244951134647
Negative_std	0.022348589446132758	0.008730521912781888	0.006329323374318098	0.020474425946982195
Spearman	-0.6314784362716508	0.18579293980578676	0.1868547723854557	0.2780267482518136
Spearman_p	4.03609306359514e-35	2.3231682095188842e-71	4.7480181865806706e-23	8.259779969139471e-226
