	PC1	PC2
M	-96512.2988840253	-646.8025453027461
W	-127705.35392528931	-3241.783345997278
C	-104395.3527726646	-1504.0688243720463
D	12521.4927537391	6471.168344736522
E	51188.24856705628	21759.78313519515
F	-43750.55802411516	399.71306818932476
H	-84327.80032310303	-2059.5210835979183
K	23668.46030186466	19179.55574998404
N	-22279.945514280855	4327.165255659007
Q	-25481.93704655811	2079.0840167169754
Y	-70665.59580716635	661.4237661528358
I	4047.470646293159	5471.17243876886
A	86220.92338509887	-11046.222059414718
G	36885.78390711051	-11906.746783140212
P	16945.755175032013	-16182.271629254858
T	26042.37446929072	-7301.836747043976
V	38011.56658700068	60.039325328145004
L	143000.21108571297	10187.253630313433
R	21917.3209591065	-520.1963798363294
S	114669.23445989724	-16186.909333084157
