	PC1	PC2
M	-98200387.35308875	-577365.3578968782
W	-130622392.40797037	-2501378.3747012066
C	-106207603.34293929	-2620958.621763397
D	8536490.00172721	7402920.296768231
E	53379667.16957608	20313604.290814456
F	-39192172.57838398	317542.8062160943
H	-86806514.26425315	-2115858.3117859624
K	24388431.521882825	17335213.22489068
N	-28522213.453925397	4494498.742803088
Q	-25595534.37523226	1722488.7402835106
Y	-75572988.23358917	354251.3420787316
I	-437976.15764570725	5805563.7583298525
A	77512939.13981861	-9085192.714700906
G	46657752.65071569	-10671822.797588302
P	18731540.48275776	-18556700.223395992
T	17796963.417723455	-5228038.091690769
V	43349823.87013451	-2959.2174042799343
L	156561275.983462	6529496.248297306
R	22512951.214630365	89825.98636504004
S	121729946.71459949	-13005131.725919344
