	PC1	PC2
M	4.6431415511426675	0.10248284359193954
W	8.197647330632124	-0.36206311411940434
C	5.2320363198532815	0.08659411964619743
D	-1.1728629124679455	0.14811403713786608
E	-2.3306685154466216	0.46763788590422084
F	1.099763296170699	-0.03355794442136641
H	3.6285207082792925	0.08187722173123975
K	-1.528653877968084	0.563083617391996
N	0.1572256521816942	0.2854495597365047
Q	0.3895526552969317	0.20336547814077452
Y	2.5915000968027213	0.08450862975791036
I	-0.917602938023364	0.12324750126764153
A	-3.218657420024815	-0.36798683599349385
G	-1.9783062479579783	-0.48516814474650355
P	-1.246744242960579	-0.4255691735476127
T	-1.5431461677860008	-0.15338623274838692
V	-2.022554500026623	-0.12468867512093496
L	-4.652423502415026	0.05018466322714405
R	-1.4637090742493344	-0.08339910120045022
S	-3.864058211032958	-0.16072633563528224
