	PC1	PC2
M	4.5994391581445795	-0.1413820594148889
W	8.20384922180586	0.108849282088046
C	5.196033137875788	0.270347637120303
D	-1.0422199942969608	-0.2013811208992312
E	-2.366887050861205	-0.3530572304048096
F	0.8470380090696777	-0.110801263497377
H	3.6361540497457163	0.11931829770897498
K	-1.564357745550496	-0.4639307710504018
N	0.36332003732933665	-0.33668549909528817
Q	0.3292118120179396	-0.09124062523887445
Y	2.787466426740742	-0.15218543028659265
I	-0.7636882284583602	-0.2847153933871357
A	-2.954303169635644	0.30380642470439634
G	-2.2252644530947667	0.34896837116712887
P	-1.2702641724833534	0.5446487603751121
T	-1.314800887543671	0.10496345865964432
V	-2.142203354261594	0.04916117532898972
L	-4.839301047880482	-0.03679397383694456
R	-1.4627328432348257	0.12740197695994637
S	-4.016488905428305	0.19470798299901254
