	PC1	PC2
M	4.590130788333687	0.1369306114675696
W	8.160389214095263	-0.03402926279615248
C	5.185763733188841	-0.35726531590454214
D	-1.0291655019664616	0.2600396458092643
E	-2.3435198914829956	0.6441703720811329
F	0.8337854755644425	-0.4160000815535568
H	3.6542146147693844	0.16268097189101918
K	-1.5658352651717706	0.41338733525072
N	0.35383811695243517	0.13212037412836952
Q	0.32459674688394724	0.5890093978032007
Y	2.7745363467059345	-0.19193346004999434
I	-0.7605469467301071	-0.2215173713525336
A	-2.9412491080896888	-0.05627384178305919
G	-2.2037174774222503	-0.272915212213841
P	-1.271054553280571	-0.09026348734195136
T	-1.3192929541913154	-0.09359383422879448
V	-2.1390664113479323	-0.25232207685997937
L	-4.8347511986016825	-0.4314435556121755
R	-1.4649364119284207	0.19348470214275126
S	-4.004119316280731	-0.11426591087745738
