	PC1	PC2
M	-96836.46645383087	-1795.74417989902
W	-128061.67349592729	-3849.4286662903455
C	-104745.56419067591	-2607.944191893151
D	12060.315651545981	9609.510253429167
E	50864.937592341106	28756.410379493267
F	-44082.60890643159	-2079.118129177925
H	-84316.86116411253	-2592.2050338660156
K	23186.3620746533	23715.138273310684
N	-22800.16195172984	4461.883197528694
Q	-25764.074080908314	4421.254183180146
Y	-70949.63809042692	-1189.762783834053
I	4320.752339647528	1056.3913036529143
A	86891.84631898618	-11697.946390601202
G	37202.954303086175	-12827.470452438636
P	17563.88869086539	-14374.901520178331
T	26232.393826221654	-6615.64501552536
V	38284.17573184039	-3233.090139078982
L	143939.65118067514	1445.241411845848
R	22120.84190549835	2139.4506650643775
S	114888.928718682	-12742.023164722033
