	PC1	PC2
M	4.640172941771841	0.1304868142011247
W	8.154193977532108	-0.20973861631369198
C	5.234465457088328	-0.15558126079056436
D	-1.1642807484025892	0.24885032405979146
E	-2.310065855640024	0.6660006210186731
F	1.0722362851230778	-0.23889072684937407
H	3.6349452264295254	0.13447397752670048
K	-1.5214881089674344	0.6278379039777946
N	0.15678767466606064	0.23253789150164808
Q	0.38364830688267526	0.4590758617227701
Y	2.575564448714099	-0.09655292561295481
I	-0.9185541132718562	-0.10942645363699316
A	-3.2016841338082296	-0.2690315065272604
G	-1.9601963650359997	-0.44857128529978196
P	-1.248135524467886	-0.27832336469833957
T	-1.5476948604980914	-0.12694164687657203
V	-2.0189871186680195	-0.23268424033912116
L	-4.642711623357309	-0.2682782022660171
R	-1.4643133593197857	0.06457227089602269
S	-3.8539025067704444	-0.12981543569381454
