	PC1	PC2
M	-98392522.3953064	-2546555.365401614
W	-131087844.56183812	-3373578.7542924173
C	-106606831.17582938	-4155420.270069493
D	8387461.60083608	10793586.062922984
E	52879043.17352823	30633430.069186296
F	-39474152.67440388	-5708473.792532224
H	-86612815.52619138	-2690371.0587971057
K	23910258.546696685	21186488.213096887
N	-28937106.79007044	3485795.7107911976
Q	-26118107.594237126	6975930.536188621
Y	-75862681.16494037	-2811999.01621384
I	-405465.5926254756	-2299775.8520598803
A	78227459.93338603	-6612208.366926665
G	47096981.582749926	-9267512.829642247
P	18858980.87190168	-12339402.840220012
T	17791831.873728544	-4577400.416297622
V	43576999.323597565	-5088260.902573542
L	157774511.73115805	-9836814.721488625
R	22572577.69155194	4850659.825336633
S	122421421.14630808	-6618116.231007368
