	PC1	PC2
M	-695560.5521012237	-11262.282786518783
W	-962781.4465517171	-15562.149209631367
C	-985964.1088624424	-26978.170448040946
D	331393.5287483762	-42174.346817655474
E	657530.6251599488	140171.6707374471
F	-302961.43581730913	-27132.09038280447
H	-793863.4973122862	-25983.892496903834
K	7727.458712103967	150352.65896989472
N	-364357.1746060479	40959.65094634551
Q	-660812.3342775197	8936.2538347692
Y	-372288.19780366344	792.1463183234173
I	462715.13300354395	48453.20414128469
A	866475.9055456592	-104692.6472595026
G	631619.7235128384	-49300.752527745004
P	-174891.34754315176	-13860.082516976474
T	121481.37747458619	-78115.7261358369
V	741706.4114284697	-63100.025659196996
L	1075318.3673474037	9133.622108581041
R	155854.8507311499	80777.30508919092
S	261656.71321128137	-21414.3459050235
