	PC1	PC2
M	3.7894680805585033	0.6676120016672373
W	8.619991744726272	0.39635348943900817
C	8.947308446258928	-0.4161846952144281
D	-1.7212939982625144	-0.25613085727747026
E	-3.680669248891349	0.1467990677160167
F	0.4909086015795353	0.02210955486810276
H	5.811759784724	-0.4947426964760369
K	-1.4187406148914676	0.46804336228125115
N	0.7457120032017593	0.05269118266081945
Q	4.081735641285552	0.24962417547875093
Y	0.7329066643150229	0.009842602215493318
I	-3.5887206367515843	0.29287917215713877
A	-3.6766705233653987	0.07458353593083263
G	-3.935743330312771	-0.4743775976710181
P	-0.24841080781927571	-0.6524903043600396
T	-1.1041537846540177	-0.2615017527368918
V	-4.099792632916443	-0.10149985730306002
L	-5.3259015474294635	0.1593453973271718
R	-1.9400450033939194	0.1297274567260589
S	-2.4796488379613693	-0.012683237428947447
