	PC1	PC2
M	-7766.15281185938	-77.841273440082
W	-11602.031929084154	56.74494724194592
C	-11679.687490687984	13.242412432032424
D	1490.9519200057703	325.48286075436806
E	7834.437404889507	2172.2255891037157
F	-3252.542234075275	-334.38486157400234
H	-9925.438433815914	-49.1217238731587
K	966.9323436278978	693.9437432776509
N	-3795.1706541057797	303.00682759173236
Q	-8360.60480188811	-92.12047931791955
Y	-3827.646547526905	-112.80440638956884
I	7484.659893523355	327.85565035431466
A	7993.308912917619	-948.5090051882653
G	7439.555684417086	-436.3720095073303
P	-2374.065127548689	-96.38217114765682
T	-75.91342393863111	-1141.963622667587
V	9108.610989819972	-154.81105443792848
L	14269.988823911823	-622.2883993054234
R	2387.8001313546424	1455.667268387324
S	3683.007350063144	-1281.5702922941682
