	PC1	PC2
M	-7639.783751994333	-376.05170670115496
W	-11511.353207961867	-355.5770232861576
C	-11560.376679271614	-620.6314384988218
D	1368.3035654074447	774.0446499287283
E	7037.846142991869	3625.3437097738806
F	-3177.577078612304	-594.7162641272462
H	-9821.529971429303	-364.2512405184621
K	530.1257830260696	1869.173908124546
N	-3772.3598585031846	185.77159331849876
Q	-8375.565759671244	101.57848234688299
Y	-3694.139340466939	-139.360073480353
I	7435.3247791796875	56.28599559703426
A	8141.233488289489	-2233.9341598122733
G	7743.352710424094	-1674.5138300788296
P	-2098.737406111375	-31.741788522822976
T	-56.85034099414609	-554.5955348595195
V	9212.904402685093	-412.3207130627239
L	14654.98879272546	-986.7170669005588
R	1987.8736264284246	2157.30565761157
S	3596.3201038586776	-425.09315685220633
