	PC1	PC2
M	3.68296411964405	-0.23793625331419638
W	8.59735466952061	-0.4988844467677725
C	8.884767857248871	1.153452022852329
D	-1.7794261282223167	-0.12983150222148082
E	-3.679882132732513	-0.5676221547420616
F	0.36877834446208074	0.10932096639405589
H	5.830606422437261	0.1266318875338082
K	-1.312338043275503	-0.6160641209506135
N	0.6801427812038351	-0.212804989581423
Q	4.154927799261554	-0.49786728493515797
Y	0.6352640514068503	-0.048351109585655035
I	-3.6262813226955344	-0.010152382026361553
A	-3.65870020949222	0.5425737153550819
G	-3.7296023525447324	0.7464641288585175
P	-0.11109395160776679	-0.15385139719408683
T	-1.1714623886751852	0.15017210523608923
V	-4.153476443231882	0.24731811407499804
L	-5.357313494213199	0.27941755508764465
R	-1.7834453045145462	-0.3988337323540676
S	-2.4717842739797207	0.01684887828034875
