	PC1	PC2
M	3.745679484274178	-0.2639033494830191
W	8.753407307960176	-0.5246104152200073
C	9.013858268281087	0.7040423349174624
D	-1.8270816333549644	0.2719998803295797
E	-3.7692072104095202	0.3592077837436452
F	0.4145841004541005	-0.2760872378960779
H	5.893616893597211	0.1824362584303383
K	-1.3879056873495392	-0.06872498949990935
N	0.6911309921650249	-0.01830112188841354
Q	4.241418667826347	-0.10158253576216017
Y	0.6956961523305005	-0.1258211564035475
I	-3.6296263484005036	-0.19821594648627555
A	-3.793641044561908	-0.014210161515894921
G	-3.8039576011399143	0.004640839653187261
P	-0.17116008831943638	-0.05241797886238634
T	-1.1879948209159543	-0.02497102867127359
V	-4.187304847338369	0.058775577554446505
L	-5.38176443210895	-0.040104250836325295
R	-1.8510204242986383	0.181940730156868
S	-2.4587277286909273	-0.05409323226021881
