	PC1	PC2
M	4.662743122741054	0.333401606473752
W	8.147845558400325	0.048703610765588046
C	5.286846822493331	-0.2694891781415543
D	-1.1224784452122956	0.23029693578624616
E	-2.3051926933288587	0.8646126501431795
F	1.0645249108829802	-0.22575826709017335
H	3.6258383869381388	-0.27101765942968165
K	-1.587694524611591	0.690375174929977
N	0.1535341601282855	0.08118118991764685
Q	0.4100162734994783	0.2819841588580702
Y	2.5676154253204087	-0.020618840779633215
I	-0.9604362917989275	-0.007115060124485689
A	-3.1371740018164997	-0.134973619615698
G	-1.9882802794723253	-0.32709227665170043
P	-1.197712620297515	-0.5233606609514055
T	-1.530408162986902	-0.37060590370269525
V	-2.0373586842191	-0.126669133435662
L	-4.657997923134351	0.07063730199611437
R	-1.540856905896403	0.22263377277356816
S	-3.8533741276292193	-0.5471258017214798
