	PC1	PC2
M	-99782916.3770667	1989357.3603052066
W	-132894222.0820864	-2994165.0624549906
C	-107411535.36114684	-5945033.82929871
D	7978056.9611633485	9117119.864819145
E	53116697.456785105	39985018.638195515
F	-39664726.053420596	-7847429.6176253045
H	-88629611.57391666	-5692958.094207227
K	24707351.233245853	23948067.32751947
N	-29920498.866852984	878138.8277639953
Q	-27033043.425474685	5620302.669672882
Y	-77430976.41131796	-2090272.7818483512
I	-1756070.2499817375	1313351.98257192
A	81774817.98251553	1086433.4233006153
G	45885417.8273056	-7519537.389666387
P	20672935.358081996	-20766948.16202376
T	18705882.3962071	-10065923.651883129
V	43367395.47059194	1091415.0440624042
L	158970853.0833632	4341113.282875175
R	22040381.878236823	8741343.735880366
S	127303810.75376797	-35189393.56795881
