	PC1	PC2
M	3.991552754445526	-0.11041694396273084
W	7.497507821147521	-0.26872517298918913
C	9.571151481757393	-0.0738235212469326
D	-1.8391139438262685	0.19887477793922023
E	-2.492135225863579	0.29934006292826515
F	0.5222131329436102	-0.24307793781986994
H	4.26239325728654	0.05086786745276967
K	0.3387705751474424	0.4488217198561681
N	1.7773176893666214	0.2060499996848055
Q	1.037886897692584	0.2646478014733759
Y	2.6396039214184457	0.05061638157526318
I	-1.7656467600776309	-0.04952965479092721
A	-5.532381669335486	-0.038396200088562885
G	-4.0569428199257604	-0.2479323040881351
P	-0.716185658492212	-0.14009770614768333
T	-1.6626970065152975	-0.020334204838105604
V	-3.5656390924708528	-0.10782171006289996
L	-5.804200362481107	-0.26561106411052954
R	-2.1629008277841613	0.11110479811390371
S	-2.0405541644333294	-0.06455698887825334
