	PC1	PC2
M	-14336.660490091277	-555.3510180051775
W	-19612.531431439693	-448.98430415108055
C	-21581.399913558787	-329.39426802198483
D	3023.468783368894	1028.6047755530822
E	6730.688709331631	2157.7514877418785
F	-5789.448140716706	-821.1865859187315
H	-15064.515542391633	12.136333979334822
K	-5244.2580992099265	815.2638516119355
N	-9519.473022480794	-134.39849881555674
Q	-7118.562570677107	701.7195113811147
Y	-11880.24476357865	-74.73309047363459
I	3717.9410564749364	-611.1525581736547
A	27166.24655367077	714.3072804748895
G	15762.42290521209	-1319.8512809343874
P	-1483.4230900597126	-102.4605819717683
T	2764.512031183458	-396.10696932069675
V	12900.479493220457	-515.5077293977939
L	30047.749556647446	-1076.8671660011396
R	4813.847481140208	1331.305387119777
S	4703.160493954419	-375.0945766764141
