	PC1	PC2
M	-14653484.282573253	-554345.0385556835
W	-18515368.44136574	-1311924.8880602962
C	-20688643.481161032	-1215676.196785884
D	2952015.320745841	228819.81461427108
E	4817118.7185905855	1170262.2699598116
F	-6971629.088343568	600620.6522314964
H	-14514724.863238001	-1025379.723429395
K	-5938181.126947815	2291977.7672032663
N	-9757509.473754227	1036187.365132316
Q	-7662851.3200251125	-153771.89195765927
Y	-12025704.493036402	214253.2023522017
I	1132766.1133157671	2235849.795331493
A	31448992.452303756	-2270653.173592427
G	16319746.325201713	-397029.46902662
P	116123.61199204742	-1370116.5738845007
T	2646642.540368075	-60765.678913960095
V	13234714.216808124	-86602.43512141753
L	27394256.628111012	1288023.2064720134
R	7409717.1125852745	-1419971.0232266113
S	3256003.530422951	800242.0192575858
