	PC1	PC2
M	4.275462021886931	0.036971928836228685
W	8.39704708155293	-0.06867596322552702
C	5.883215181345765	0.16198297962174965
D	-1.6488139708566159	0.26622808578614754
E	-1.8582795840789101	-0.02441344692414786
F	0.3016597194704739	0.29593107560947873
H	4.7432456385097375	-0.11407740695070605
K	-2.1789457300908186	0.38037301148349306
N	-1.2748266506531232	0.6065722382440997
Q	1.7055713308751916	-0.3855454431886979
Y	0.6839616849033682	0.431716065416506
I	-2.4200761678292655	0.45588276375868103
A	-2.3389246930180465	-0.6055990076803043
G	-1.6193606790693955	-0.11135651331793722
P	0.10744719508435621	-0.4257733296473813
T	-1.946424459638408	-0.10698504504925273
V	-2.4343013075903275	-0.047061128481940356
L	-4.388917260247284	-0.17220238369367982
R	-1.0501267815822315	-0.4964732043923067
S	-2.9386125689742695	-0.07749527620457441
