	PC1	PC2
M	-118477.9375238611	2036.9236740123322
W	-167608.62084735613	1904.014084064911
C	-142507.44739333884	563.7527586266956
D	37729.65992539189	-6657.036748529922
E	45954.34169294227	-4498.93375732346
F	-32185.14715605326	-6122.330153916708
H	-127480.90022511638	1218.8483724257042
K	57552.98608263033	-23433.179673946288
N	21969.48083733841	-25734.16036558397
Q	-69622.74195475566	4582.1652537587
Y	-43893.55158246558	-11263.302769212509
I	69964.33019677826	-24426.29180596633
A	68959.60914056569	32900.29192040047
G	33916.76003590576	10566.313170244684
P	-23807.64881379838	12054.89146790084
T	48257.21851645733	4700.003461304436
V	67075.8573629334	5680.236597650759
L	168664.42945598924	4735.951780894098
R	9721.360590591672	14781.818737051623
S	95817.96165922102	6410.023996143952
