	PC1	PC2
M	3.8112081541080944	0.553984313339826
W	6.187661681770081	0.0908879611800946
C	5.050390669901675	-0.31224387385544905
D	-0.8573944316162662	-0.11977910124082507
E	-1.6801573490545874	0.5200474133850482
F	0.6525454838911208	-0.14487063194194286
H	3.914480567245348	-0.16367770374805793
K	-1.821092768618675	0.14397758841007624
N	-0.013773441841539242	-0.24797868842425538
Q	0.752575473913238	0.2773835615367358
Y	1.6530344604507166	-0.1374388256163683
I	-1.5760847540574747	0.034984164326589524
A	-1.8447647265026494	0.3205121572926348
G	-1.7210602555247252	0.02156316310199401
P	-0.33652152133489543	-0.442770646267971
T	-1.8000507150026712	-0.22130820790387598
V	-1.9749263503967665	-0.13953830978110443
L	-4.368169361960461	-0.01251946560440816
R	-1.1094325236244211	0.23809522820372447
S	-2.9184682917451172	-0.25931009639245567
