	PC1	PC2
M	-47.45095838701335	0.8745774790547937
W	-63.298391251607924	0.08521880643429029
C	-56.91182707664013	-0.6033143332064032
D	5.154465375129925	-0.9183875683858397
E	21.61864553104478	11.216770022346962
F	-16.44663709024923	-2.1516965268764467
H	-49.33893719473593	-0.4974671601659389
K	22.63396113433408	6.929805122722101
N	-9.531829669081965	-2.2315121170288847
Q	-17.900710437242587	1.1810110410760963
Y	-28.819513685882495	-0.8901032364780187
I	17.740512587846474	2.503112006571449
A	22.766106755841715	2.9191653702911635
G	20.248248775531163	0.43239191181436804
P	-2.261593135523635	-6.030398214007333
T	21.20240598032164	-6.763000168718552
V	24.506447851487042	-2.643577681858523
L	80.11594797502681	0.3683307517085049
R	8.914826354933473	6.408022452093707
S	47.05882960648006	-10.188947957387487
