	PC1	PC2
M	-115332.3424020521	-1402.1763792564027
W	-163405.12106826447	908.4480507985944
C	-138981.99284976348	-1240.1772761481277
D	36765.70768340552	-3308.888721217055
E	44231.54852104458	-4616.456247073945
F	-32043.216737280018	-7047.049115684712
H	-123850.77253191335	-126.00410153413623
K	55067.300960784334	-23687.711758061785
N	21896.124190755934	-19297.14571571495
Q	-67171.20943547518	2640.7071637422437
Y	-42593.250537394655	-11564.383936339094
I	68154.66933134272	-22397.64374165339
A	67115.561397292	29061.766213953095
G	34518.645651615436	16515.05159317795
P	-24142.730380056717	17330.770060190807
T	46776.05607350598	4033.5195465889246
V	66679.57818755944	7823.207513301132
L	164841.43863422555	-2472.586772854337
R	9543.141904645785	15784.25268885688
S	91930.86340602238	3062.5009349283464
