	PC1	PC2
M	3.8206583705298245	-0.4033730885966848
W	6.308571480150618	-0.3758521360308343
C	5.1141006527228665	0.9888137714494531
D	-0.8635836017111176	-0.0959850944347641
E	-1.7138353052313067	-0.33031036566826977
F	0.6817652803947205	0.009469097904172875
H	3.966947444604125	-0.04684799367893782
K	-1.7543987410988586	0.03122935257405199
N	-0.009249017537309907	0.002749022644311231
Q	0.8990080603987853	-0.4330206164445258
Y	1.6699537642020799	0.2258178042682768
I	-1.7103484276320025	0.16030085103793604
A	-1.9355482715831114	-0.10317161648727967
G	-1.7250547105114147	0.036668048295374775
P	-0.4438790138328336	0.062094900968249905
T	-1.857527236329276	-0.0053626911137673525
V	-1.9669707399246912	0.12458602648882075
L	-4.368136092195173	0.2256353860290605
R	-1.084570509803755	-0.19740882773118332
S	-3.027903385612142	0.12396816852654352
