	PC1	PC2
M	4.253649629991727	-0.0724538671482767
W	8.39984075386591	-0.4443305237907846
C	5.898633562104636	0.9310151269631916
D	-1.67782017960992	0.08141175024218848
E	-1.835413131586865	-0.18522480052816037
F	0.2721390664485058	0.1596015836919613
H	4.730874433917233	0.02009879336840877
K	-2.107217623306648	0.21545049254669402
N	-1.2703645835322435	0.45771588627660875
Q	1.7262822093321595	-0.4657056577580984
Y	0.6675524719079378	0.26981702242184996
I	-2.451545782293512	0.4176818927247577
A	-2.3320612023951233	-0.4843689411985205
G	-1.60180085073678	-0.1949523051023123
P	0.05256089174881421	-0.5264573221790523
T	-1.943617642169534	-0.08578976750628214
V	-2.4412636139622115	-0.022749897546567602
L	-4.373979298876204	0.22789228059100125
R	-1.0318025033224674	-0.32895741139396306
S	-2.9346466075253628	0.0303056653253693
