	PC1	PC2
M	-46.71384722491747	-1.5722114121374176
W	-63.36470421933653	-0.3719495380055366
C	-57.50882990501536	-0.40183041722677537
D	5.811716879272618	-2.442813572749702
E	21.538125682727685	-7.32084052462371
F	-16.98290490291575	0.8443411611875179
H	-48.85949684564577	-0.7816363249514724
K	19.218955823764233	-7.809715723173634
N	-8.659920615696274	0.5830160197550599
Q	-18.338534054257373	-2.4669995456210603
Y	-29.89812308779481	0.7303463058412724
I	19.029994704866656	-2.1889810823058964
A	24.152222239626976	0.06302848317583261
G	20.70287861033086	5.522965103212994
P	-1.7239744976328375	7.999534270986601
T	21.987259822670122	8.355077599754642
V	24.179510592106915	4.931943883702654
L	80.32686721179164	-5.305663030537723
R	8.679041013658145	-3.8859014245300876
S	46.423762772396415	5.518289768246423
