	PC1	PC2
M	-680506.4901789392	-31257.46067716772
W	-940956.8114674857	-29964.817519906577
C	-967583.8688582947	-25787.48177538767
D	310241.5181619268	83345.41247082333
E	636308.0715243918	234923.6686141681
F	-301076.3824137018	-38273.68086967604
H	-773033.842000943	-19434.965383976734
K	-16990.672383685327	148425.3929610736
N	-357551.29984212643	28026.901329039956
Q	-643071.7576516042	6168.394309312617
Y	-359987.31144365337	-9362.029817422905
I	442905.5980127464	9168.653834671872
A	845086.9355855889	-116080.59470889413
G	653628.2303132602	-91048.74714475482
P	-154011.12004179228	-26718.562949606563
T	115734.1469539937	-38544.16191913609
V	731065.8796935776	-57377.350784798255
L	1056890.7528357268	-68266.41476075481
R	149263.75468274546	55973.364848895326
S	253644.66851826807	-13915.520056502788
