	PC1	PC2
M	3.66819148758007	-0.32233505172959215
W	8.65445929057213	-0.6615630578947266
C	8.848580564209913	1.1035474949638708
D	-1.7905885640159107	0.27122345878329535
E	-3.6463886921378177	0.1861573012829548
F	0.36610301588914496	-0.149154789617092
H	5.917994009241984	0.16917452098325975
K	-1.3744547545493448	-0.16528943541386643
N	0.699383875146767	-0.10978822163385836
Q	4.223600174721138	-0.36620279485849977
Y	0.6929623122676591	-0.12932749720344083
I	-3.6649648872399863	-0.10933881241861425
A	-3.7564073994124714	0.14122683920056087
G	-3.7542978069476383	0.1532143867553249
P	-0.14058974987564407	0.0009199652453818908
T	-1.1609809120227514	-0.04422167394552761
V	-4.17211601793652	0.1309620278111276
L	-5.369816748661936	0.06420388188054613
R	-1.790717155082953	-0.013016252112364568
S	-2.4499520417458687	-0.15039229007875923
