	PC1	PC2
M	3.6513435354573933	-0.6318897066379419
W	8.576529532684116	-1.27653231591167
C	9.12987338762168	2.543563666173296
D	-1.7369680196918855	0.005417509839696937
E	-3.623959424858516	0.03446387262970028
F	0.34884313913274256	-0.3961404820887231
H	5.836398353207269	-0.2178857712054763
K	-1.3423730110914318	-0.4019509239444476
N	0.731484122353033	-0.3128736111544553
Q	4.181850710704995	-0.5885876454817068
Y	0.6105909185601153	-0.19694919375809639
I	-3.672541838376871	0.04921204985753029
A	-3.6699102989273347	0.41953568027811217
G	-3.746450551366712	0.3600787346249004
P	-0.16568260096610468	-0.059961511354771874
T	-1.179152482123603	0.12307218194800568
V	-4.195352943876446	0.3140349029329707
L	-5.4012136238488715	0.3383238968712494
R	-1.825264504859713	-0.09605051346878854
S	-2.508044399733866	-0.008880820149394937
