	PC1	PC2
M	-7627.546192558796	-310.8617977575526
W	-11515.58197193433	-219.76096578453362
C	-11830.128021556586	-395.82113872194844
D	1261.3742214928814	729.3044275271276
E	7070.464463621586	3305.168771769534
F	-3132.161379421973	-562.1433676744387
H	-9873.545010749953	-280.31684356270995
K	644.3806731448102	1519.332076206037
N	-3770.064867025014	185.7679697306179
Q	-8395.600156774439	16.986786155565067
Y	-3723.2677620383965	-177.29703004098172
I	7587.345623978873	-270.53701797549024
A	7928.464581439971	-1540.1210450600543
G	7711.110750072271	-749.1294312094661
P	-2134.760765552726	-539.2206042011046
T	-105.04424749533698	-441.31415696379673
V	9323.856934757323	-657.6217853383217
L	14842.847277485158	-1159.0801028325548
R	2177.9149880946857	1827.6363053537834
S	3559.940861019994	-280.97104961971206
