	PC1	PC2
M	4.237725138133392	-0.4757722639390786
W	8.707153944688125	-1.2189093393137882
C	9.546703866479021	2.433253006500431
D	-2.598697866760863	-0.05395337199913593
E	-3.8304421194103058	-0.05307665487253855
F	0.6480000012635366	-0.2820739186013846
H	5.440568419830933	-0.31723979726809587
K	-1.139191034961551	-0.20835610835617532
N	0.9717352012895231	-0.2291867154995696
Q	3.7028242909964915	-0.7157882867208142
Y	1.0099507556120935	-0.263662073084277
I	-3.1849085408047584	0.16005914827683168
A	-4.2933216144244355	0.328166080326113
G	-3.822497993861225	0.35517941300631223
P	-0.2651871618992506	-0.03755369860159458
T	-1.7066712323761015	0.005895578809342634
V	-4.067296736203566	0.326345087482772
L	-5.118541644416548	0.3181548768290132
R	-1.839527643578021	-0.12874498281737468
S	-2.3983780295964787	0.0572640198429692
