	PC1	PC2
M	4.536967483403809	0.6546320066139141
W	7.316928517926471	-0.11989840316797332
C	9.765451053494264	-0.6328325176627735
D	-1.7889410070420513	-0.1949903971056251
E	-2.2342691560087617	0.3826540514665892
F	0.8271304888197344	-0.2847816899160838
H	4.263398237373641	-0.46615035996987825
K	0.2747560248724409	1.070944653254658
N	1.6202396605177203	0.4932259691084754
Q	1.08221941760078	0.3958057502404097
Y	2.7820420741291	-0.0799198989970418
I	-1.5284573944592603	0.2611291755064731
A	-5.913678958256196	-0.25744435646849684
G	-4.259806512155078	-0.39583612266163526
P	-1.0474850033994578	-0.09309327875737802
T	-1.69068181871217	-0.03758833479794985
V	-3.6161543130626033	-0.12069430197034457
L	-5.709058799957241	-0.2158893111927156
R	-2.700277314558382	-0.23026844056641974
S	-1.9803226805266982	-0.12900419295624618
