	PC1	PC2
M	-14576.265341382003	-449.00522759777857
W	-20037.85290379172	110.20167773619754
C	-21905.35344136512	-10.48056291082326
D	3210.861317732251	763.8420697523463
E	6878.622082897028	-1136.8955697197514
F	-5999.4050002174245	197.46644630585706
H	-15561.094568939528	-33.77333001261928
K	-4733.42229516389	-791.3764890844844
N	-9679.221800131472	81.33236700521601
Q	-7335.239296367557	-1459.2434269899345
Y	-12219.168886327288	-144.31499751486325
I	4019.9502811832162	-1948.4456898686656
A	28264.223494209615	-452.5104824653187
G	14999.577574003604	2473.6137429732416
P	-1820.346216759551	917.9184144035808
T	3074.74271911444	1173.9474972406076
V	13194.94387801107	403.5322233005066
L	30541.915421778922	-1531.0853038981093
R	4688.526127905565	367.8504759609141
S	4994.00685360987	1467.4261653839014
