	PC1	PC2
M	4.229811435861541	-0.1106254477365461
W	8.767578283740516	-0.7066898293482099
C	9.24868598899548	1.1750336621567046
D	-2.6027643107702834	0.05202962126107152
E	-3.8335321830019295	-0.03750347081725421
F	0.6773016195526206	-0.06289025144223406
H	5.514622593104063	-0.10011224033395169
K	-1.1268138670951575	0.020906323890003797
N	0.9806239078208098	-0.06493647652510304
Q	3.757347192431378	-0.41262036338231584
Y	1.0499274636845417	-0.11771945254273604
I	-3.1906397660606696	0.05392670734235169
A	-4.335069688209182	0.05506612786305758
G	-3.86096592275444	0.1946134287798204
P	-0.23541072166662408	0.01597173547429253
T	-1.6709629600303786	-0.07631890230952924
V	-4.091133460279652	0.09294252202327488
L	-5.123773673413211	0.12076393200153135
R	-1.8062579734593878	-0.06341474765385166
S	-2.3485739584500633	-0.028422878700376304
