	PC1	PC2
M	-7555.702323192434	-319.08880735195265
W	-11342.67711082332	-335.30102406158306
C	-11510.58240759336	-232.55076231063373
D	1249.3749411248955	852.4663949868765
E	6993.531023940201	2835.4931171023795
F	-3060.036742950807	-503.2512752422181
H	-9710.818724418512	-170.894366166747
K	678.7519893759408	1150.7074078746898
N	-3622.6555172828866	279.2643960322298
Q	-8283.300710809186	35.397325909669426
Y	-3639.8906412850324	-180.54023455213536
I	7294.834012436381	-11.204212137788636
A	7745.575862990208	-1174.3553328586172
G	7562.371113016362	-774.7907518455736
P	-1970.7325601351235	-232.075612592888
T	12.231398765242654	-420.7010714594369
V	9131.948861011182	-506.34722891533147
L	14319.789318670655	-1036.0955985607977
R	2108.6792676902746	1174.5852701645115
S	3599.3089494693313	-430.71763401465955
