	PC1	PC2
M	4.278103801186204	0.3770463143057957
W	8.726036530172085	0.01969576464339612
C	9.260487514230519	-0.04614676945588319
D	-2.5512520722699445	-0.3902418388495782
E	-3.816206663747035	-0.21175346932687567
F	0.6885623592157193	0.20151479429374192
H	5.441159393411472	-0.39368046638819576
K	-1.1711483728053906	0.325831585686578
N	1.0053449037776936	0.14040698575803276
Q	3.7315353115583165	-0.032293454494890406
Y	1.0305482821609693	0.23101738488080803
I	-3.1821176708463526	0.49602516423853776
A	-4.281765560897498	-0.16476921686129617
G	-3.830246266893745	-0.30173259327379304
P	-0.2763221445495166	-0.3241323996880508
T	-1.6874594551626079	-0.04704710923126668
V	-4.03457537531655	0.02482883437038754
L	-5.0951931646967505	0.39099643606864914
R	-1.8813767639163506	-0.19091733370328673
S	-2.354114584611243	-0.10464861297284693
