	PC1	PC2
M	-695445.8312113318	32751.295756746822
W	-959430.8335897757	24432.908876658596
C	-982770.7019190447	26099.88106838357
D	326033.2744593973	-72830.16112349767
E	683586.8348964049	-141686.1751319135
F	-310676.88091577037	47274.001873769776
H	-793170.9237472245	2422.895780470481
K	5915.74019867883	-75264.65788087614
N	-363417.76333930343	-40836.11117068877
Q	-651038.9623057774	-19515.589379158893
Y	-373685.77957790135	33533.33780218379
I	449806.88205423194	133518.1259435738
A	860474.9279341323	-42936.12130664784
G	649758.0609655513	-62042.32148541344
P	-172474.82400051315	-826.2316901928324
T	104046.37285768929	23218.136931832454
V	745504.5261371013	74746.65748591749
L	1060377.1512559885	165927.7781365684
R	161785.61930000744	-53714.637538058705
S	254823.1105474606	-54273.01294965758
