	PC1	PC2
M	3.7724598042766497	0.48445313898017967
W	8.585271476480399	0.11385463677658252
C	8.838035078219146	0.19970781623879522
D	-1.724242308482246	-0.46679280588905214
E	-3.7002940915447518	-0.4764627737860248
F	0.39802269652093786	0.3534275475192929
H	5.811392948252318	-0.33344265956593105
K	-1.3747584508372814	-0.24641980082771045
N	0.7114455957376156	-0.12541314465578565
Q	4.202429448523649	-0.2976071115534312
Y	0.6549729887331069	0.29801650083307124
I	-3.60640362074645	0.7435721984308886
A	-3.6634402183194146	-0.08781770090807037
G	-3.7351821360589343	-0.28705727105396345
P	-0.19815905605489548	-0.22045803546955772
T	-1.1536643712522099	-0.02890993146077543
V	-4.14410200453326	0.30956748057255506
L	-5.355338469529867	0.581364035946433
R	-1.898467280861243	-0.3276682641022275
S	-2.419978028523251	-0.1859138560252974
