	PC1	PC2
M	-99723681.4301888	188311.3766244754
W	-132578573.61509693	2462863.2916111257
C	-107542797.27382901	2602151.1949322405
D	8247857.0646490175	-8289717.672709487
E	54235869.99279427	-27604033.935849182
F	-40138413.31314318	-50295.13222574506
H	-88525203.44419679	2525937.208462339
K	24377214.435651366	-20405259.877132542
N	-29483562.25044251	-1716830.6818122251
Q	-26687357.301933452	-5109442.206767024
Y	-77184328.84256345	886277.749355294
I	-1003700.2808281822	-5753664.824802803
A	79989453.14000529	3753535.8814789127
G	47719786.24702407	11912081.956742626
P	19360534.593576577	28382342.072618283
T	18523727.59094848	9292777.664852839
V	43372295.57705358	-2806511.71472338
L	158237358.9430798	-12350016.444926087
R	22808715.577791296	-4739528.184155604
S	125994804.58964871	26819022.27842592
