	PC1	PC2
M	4.668640044887818	-0.10904790285373421
W	8.144882119236591	0.20965079924335167
C	5.239704846222648	-0.020797939450813326
D	-1.156796044806222	-0.25829896912829625
E	-2.3282044758395255	-0.5971006383596799
F	1.0859938375956963	-0.10742020108049054
H	3.623784389871422	0.07951002823705691
K	-1.586921149569068	-0.6144594787673511
N	0.1421620813638684	-0.2084719962003788
Q	0.3579017140348387	-0.16594445701802168
Y	2.559250947579485	-0.05818304178942033
I	-0.9009794302356969	-0.22422141451325747
A	-3.173952250422646	0.30010111267162154
G	-1.9328313380606723	0.4785679478224028
P	-1.230028129668697	0.778202846083804
T	-1.5295823310576309	0.2771404806599052
V	-2.011558304272977	0.04407900394279206
L	-4.61965946259909	-0.21729723501080858
R	-1.5006888808339354	0.02069806485407503
S	-3.851118183426181	0.3932929906572162
