	PC1	PC2
M	3.7753546727729677	-0.18873215921911335
W	6.269594605718372	-0.3619575219885731
C	5.236887260913032	0.5217159802748205
D	-0.8434260952555438	0.24089510321855329
E	-1.8153345057497425	0.016274577460139814
F	0.6338672479985964	-0.17831017536345958
H	4.049713882863071	0.16209995915269979
K	-1.7949800678843593	0.11358247525060511
N	-0.0347592106840747	-0.06213729611677396
Q	0.9021517723275964	-0.07707011386655836
Y	1.6905717413035912	0.16883603151010365
I	-1.6073034724384365	0.13937260203075966
A	-1.8921005615776871	-0.12669133936417748
G	-1.828117726443763	0.011115803817586593
P	-0.5226445808378872	-0.3701049283237811
T	-1.8393730769109813	-0.03386840115494973
V	-2.0362148127969064	0.03343972992105989
L	-4.329709237874121	0.06480020909081552
R	-1.0556558764219923	-0.10216090797313458
S	-2.9585219590217355	0.02890037164337893
