	PC1	PC2
M	4.282781893541014	-0.17925171350222094
W	8.455475139079832	0.21788438527309065
C	5.87371673146358	-0.17350624338972168
D	-1.7159258626760407	-0.13250201112516136
E	-1.8843105455218712	-0.08057810524668585
F	0.32622675467147555	-0.26585895821816374
H	4.744557861558573	0.04735662393528247
K	-2.141505853962716	-0.48947957168445694
N	-1.2749508917439731	-0.6021607939208142
Q	1.7050433631466941	0.11468316321104118
Y	0.7071694032988419	-0.42910956107005027
I	-2.4138394494824604	-0.49549151733912
A	-2.359000226428368	0.6143120794920114
G	-1.6562724170492142	0.39922527570436234
P	0.036309103672029774	0.6378578338583794
T	-1.9349776914224324	0.10834217982612358
V	-2.4165491594278476	0.19144441519587274
L	-4.353417195168228	0.016520863702160084
R	-1.0263429815813314	0.4319433952765633
S	-2.9541879759675966	0.06836826002155355
