	PC1	PC2
M	-116674.71937672509	-1842.7980826308778
W	-165147.37550482084	1519.8415436554035
C	-140503.93301180683	-728.4347077862999
D	37058.79555365133	-5593.651602479549
E	45057.657247015035	-4666.405531222324
F	-32305.246466199533	-7363.340354429867
H	-125184.27865117745	1310.3244904112707
K	56467.777967086455	-23738.669104994326
N	21800.878321602355	-22702.73877018744
Q	-67877.20608898599	2199.6320932997705
Y	-42951.09732578157	-11464.450544647832
I	68768.35648753382	-23575.071461740106
A	67905.17801446652	30532.557013398822
G	34103.563100670865	16964.62327501966
P	-24488.13867602408	17416.603274587287
T	47175.15560208736	4360.247043773294
V	67018.43503131908	9532.597552952526
L	166818.01906989864	-500.44581881513005
R	10231.77227161106	15711.7408215523
S	92726.4064345787	2627.8388702834777
