	PC1	PC2
M	-46.719176777266306	-1.1580289407418491
W	-62.14203150692813	0.18328631445254998
C	-56.94203610783551	-0.9348732237225634
D	4.147028678813978	-3.049328866137751
E	21.833270833889003	-4.8564017396597245
F	-16.16872333932459	-0.5670210842058292
H	-49.164412528911484	0.5025199788653164
K	21.39505865737203	-4.567046411174046
N	-8.154815807173446	0.8127230337207706
Q	-18.632871277778147	-0.924800845189407
Y	-29.06005909520419	-0.5089317787936459
I	16.67633530043712	-1.0824281926183743
A	24.685705515382153	0.14222085425550374
G	21.006983997143166	2.38932641327372
P	-0.6521162718230166	4.955181065442012
T	21.04005343524443	7.67033200942744
V	24.83522054297701	2.8167926682015767
L	78.45522983948344	-3.0128890444437357
R	8.971974849246134	-0.8470651507045165
S	44.58938106225635	2.0364329397525567
