	PC1	PC2
M	-7807.793431319057	646.6254014685416
W	-11535.245542506214	354.7686562994599
C	-11653.00474198162	549.7086810037206
D	1586.2125455658831	-1430.2778721719162
E	7907.3442613894795	-2196.975246006414
F	-3208.757380029576	826.129666536794
H	-9888.86846240302	7.353888505133059
K	936.0288670322925	-1017.1786290925136
N	-3754.8265632926045	-97.07900038044153
Q	-8352.171671296863	-228.74867947405338
Y	-3788.520044860821	674.5048495607256
I	7340.556279057592	2433.7104405190676
A	7799.128111116128	-641.4539279910933
G	7479.781581168046	-1085.2236688938585
P	-2276.959416661325	-259.39278802615286
T	-280.1593755250031	110.05659481685225
V	9330.934665653984	1005.2871739748739
L	14174.925011820078	2082.556152367431
R	2446.3219540055456	-989.6136142225109
S	3545.0733530670896	-744.7580787936472
