	PC1	PC2
M	-46.162032632227394	1.7653470331047234
W	-61.95299018982934	0.23521419658838538
C	-55.73798202067378	0.7605664296258734
D	3.4741971223116983	0.6534372526916846
E	20.565225702123932	3.491062415487454
F	-17.50545935615885	-0.6172236982888737
H	-48.128666160403704	0.8668275772719092
K	20.564621478102886	3.6846750924904015
N	-7.278620269980245	-0.582652190291425
Q	-18.443566829776035	-1.4448501300275485
Y	-27.96481049546257	-0.19323747155960744
I	19.538390483067293	6.845241474254229
A	22.172708799541777	-1.3209456178022383
G	20.161165978629043	-1.9905433737748144
P	-1.256329511109847	-4.002378788901502
T	21.996451097854	-5.816246396217088
V	24.523482210708757	-0.09913969418472311
L	78.30884046283781	3.0740882822109192
R	9.23355097569867	-1.0548411135490097
S	43.89182315474585	-4.254401279128728
