	PC1	PC2
M	4.25051855900429	-0.09008272987125705
W	8.451498028245291	0.16855925157859666
C	5.88780972782611	-0.20237874917897863
D	-1.7172513074233613	-0.11168948492618415
E	-1.8787114744501576	-0.03631133307692475
F	0.3411344538142438	-0.25267961438508374
H	4.727991709118199	0.028501728731220956
K	-2.126476557136261	-0.4810126964095632
N	-1.2650626385453878	-0.5108702647823342
Q	1.7318636667930463	0.15882497232131346
Y	0.691720094845664	-0.40238969479150294
I	-2.402486713880707	-0.5335150936529826
A	-2.3858214051479094	0.606597139458461
G	-1.6448573099360677	0.4182635993307682
P	0.03182790451477687	0.5646893310383836
T	-1.9385602773482533	0.08271652452127427
V	-2.437815783205199	0.12932171989595598
L	-4.359880935790171	-0.017065011841990278
R	-1.0132797288738713	0.4282328696129952
S	-2.94416001242428	0.0522875364278202
