	PC1	PC2
M	3.7404151394747696	-0.22985423905084787
W	6.182291628218696	-0.19170906390080691
C	5.160227422425833	0.45290201937575114
D	-0.8027511917782582	0.23364051771408123
E	-1.768149512240681	0.014912972006626632
F	0.7890518667666525	-0.0033736863000108502
H	3.992082266819159	-0.0032542505315175233
K	-1.8064602926299638	0.09336629638061242
N	-0.10614679695096375	-0.007926327242180104
Q	0.8648209603325575	-0.3164831064705583
Y	1.619644098263013	0.15714527146344717
I	-1.6203898384626951	0.02042431726232152
A	-1.8298947078025307	-0.12618710843462647
G	-1.7919480243104553	0.06775806356746966
P	-0.44536982700889527	-0.14801309808858787
T	-1.8258356824972561	-0.19022337083164373
V	-1.9743515971557768	0.05284620181751252
L	-4.383792413180109	0.04264480943449119
R	-1.0867615094811287	0.08937846756165803
S	-2.9066819888019535	-0.007994685733193261
