	PC1	PC2
M	-689240.2700200357	-33321.61506707862
W	-954855.6806764763	-24801.439366268412
C	-993220.4618162543	-37165.2025182285
D	313263.6052320371	67000.12077268268
E	645508.8424601356	265318.99257785425
F	-307712.87780335784	-38478.25952582478
H	-786734.3746685839	-26047.459702650856
K	-6741.097576280443	194876.2198317316
N	-363317.1768541034	16051.270784896398
Q	-651827.0533472236	5513.679373680681
Y	-369772.8511326845	-11440.911500665517
I	459758.698562815	-20662.463045607896
A	864818.352277845	-125248.17448770972
G	658782.4504833049	-104990.4969199966
P	-164367.64218494168	-37571.642127672916
T	110162.90233556808	-36820.206045147504
V	744130.0902928124	-86813.10086709281
L	1082953.2173636777	-61338.92377337435
R	157341.449048372	104950.72695775637
S	251069.8780233727	-9011.115351283432
