	PC1	PC2
M	3.962902162680223	0.09190240888241398
W	7.409409220871756	-0.2714450027328687
C	9.556506375212427	0.7759970644129163
D	-1.8145166704899345	-0.1957730202167789
E	-2.4175795132801854	-0.5783213497160029
F	0.46683777658451464	0.24565290611356697
H	4.192717369472513	-0.02074827761844113
K	0.3571176683370658	-0.6582611828982303
N	1.7234165951518428	-0.10288392455234859
Q	1.0267826582913457	-0.5563142557997475
Y	2.608252244555787	-0.11352837993703808
I	-1.8073828792519588	0.2195790392744125
A	-5.407802445019455	0.14403300133584943
G	-3.9797925206697604	0.6004946773546527
P	-0.7002463807221546	-0.06365839205795454
T	-1.6667555864516375	0.14628664023224403
V	-3.5400022548568786	0.281701696878038
L	-5.797077159680414	0.3811941119899334
R	-2.1308475140977734	-0.4081619794268377
S	-2.0419391466373207	0.08225421848221083
