	PC1	PC2
M	-14889973.749822479	678862.1866900303
W	-18815926.572776888	1644717.2813329406
C	-20877170.022987098	1574461.5365006614
D	2834257.3734373134	-413691.152229978
E	4761394.130004287	-580293.4485383215
F	-7186930.356023403	-671687.5564458561
H	-14788692.656921502	1084954.2810246139
K	-6097342.445101082	-1960416.9918469053
N	-10051473.046075948	-1029644.1892210671
Q	-7879570.44437442	298202.829227791
Y	-12277472.5179065	-136929.06708121212
I	1084519.4116270836	-2677425.6145632043
A	32908410.927114405	4542959.943069638
G	16860546.884707022	261258.41897196867
P	103633.79877273679	1229349.7029608465
T	2531320.3465811214	-534884.2047989606
V	13274736.859551802	-869517.952676513
L	27860265.45020723	-2758119.6371961576
R	7441728.99259388	1187925.6854890434
S	3203737.637392479	-870082.0506693547
