	PC1	PC2
M	-14512.663610730093	-181.2431850810911
W	-19782.62330679454	-209.2711274401848
C	-21745.349404394234	-267.25518953489285
D	3223.955430357805	884.5218109149063
E	6984.116465852955	762.7827257918242
F	-5875.08773472	-569.7887162658943
H	-15189.47291772065	92.27750052702784
K	-5112.6394075365015	299.6177141359163
N	-9521.12162011859	376.45006636073686
Q	-7083.764961936467	69.73570249279328
Y	-12022.602491422918	-570.6170653345877
I	3657.454951498579	-1428.648420990449
A	27382.78248867434	265.1250252381449
G	15842.504647388241	1520.1523382422015
P	-1474.3333176056985	763.2361509762214
T	2607.55311182052	12.334827579725715
V	12910.715665232237	-1321.4129753915781
L	29884.367353180973	-1179.670599759422
R	5077.567914626695	290.3970086132421
S	4748.640744347326	391.2764089253632
