	PC1	PC2
M	4.006129103212653	-0.1948206836234961
W	7.4801654325616225	-0.24926633715479793
C	9.512734781151497	0.6725721529018779
D	-1.8266947138507608	0.04840512080215722
E	-2.4719624560251425	0.09875897456467835
F	0.5147107070219439	-0.1752149391075863
H	4.2481553108276735	0.057405486966420276
K	0.33589911327009564	-0.2641133395205872
N	1.7656188787580167	-0.23924502467130349
Q	1.0474112206855315	-0.13190110996991977
Y	2.64925165273776	-0.20976245959018539
I	-1.7804072452364754	-0.16293243077612585
A	-5.501313305359252	0.19694000056069705
G	-4.034344927099185	0.13639176763971034
P	-0.7303439762158935	0.16759625085821328
T	-1.6450383991181006	-0.027000279753404258
V	-3.5556450480425044	-0.00707939675396533
L	-5.81410258556811	0.09974610638500453
R	-2.1688767270192058	0.14518928864811545
S	-2.031346816692158	0.03833085159450924
