	PC1	PC2
M	4.379091025634886	0.06721695784879105
W	7.387135976645175	-0.5186409741227329
C	9.656075142834688	-0.2764850396445732
D	-1.8409888814175763	-0.021564514658057053
E	-2.2933986233365484	0.17993137075134374
F	0.8045816320881631	0.22848994996208086
H	4.329179052745	-0.30939822479332624
K	0.2633361645471794	0.8679790570621996
N	1.7060130936447653	0.6537364032037414
Q	1.1334138448312834	0.0911897171661365
Y	2.722120694628494	0.3214130889599054
I	-1.57171426896758	0.5081725986600069
A	-5.974749430443082	-0.43210038908467624
G	-4.164875064626235	-0.2388036926049252
P	-0.9963770609951652	-0.47232092327046704
T	-1.697585071692879	-0.04285245654915117
V	-3.6545155423804445	-0.17333709369274164
L	-5.713125915583618	-0.08725423214826505
R	-2.5430744614530316	-0.4790930669154939
S	-1.9305423067034269	0.13372146387024283
