	PC1	PC2
M	-14788564.949415851	594084.0567109574
W	-18664550.22595199	1337032.5996256145
C	-20840079.789652392	1273781.9330245538
D	3094620.8111466984	-211089.61150755803
E	5064792.621441723	-1043372.326948047
F	-7088216.450576164	-489023.6583917185
H	-14620230.10364415	973329.810720458
K	-5819952.372216312	-2194121.653718834
N	-9796543.510514086	-1075702.4956450744
Q	-7628347.19688249	102216.68634342129
Y	-12138197.013401754	-298191.3096714376
I	1042259.5012096119	-2239194.4337502206
A	31749512.311799973	2357701.8800284886
G	16382130.612032037	83310.54460516147
P	112663.8111731498	1398378.4907482532
T	2647469.3767962246	-20267.00958370083
V	13170128.928787831	30433.285749297575
L	27267233.681690052	-1139785.453811261
R	7560961.621251157	1331332.948312469
S	3292908.334926741	-770854.2828408235
