	PC1	PC2
M	4.38882788236196	0.1229742110430972
W	7.372384196599886	-0.46119651817100915
C	9.619149342780606	-0.3865319380290892
D	-1.819105253116958	-0.052125422262937586
E	-2.2881137309602315	0.1249117558685075
F	0.8036426856664908	0.25072233290115303
H	4.32052951763369	-0.27768327469452136
K	0.2525738796960189	0.8343752118721857
N	1.7003775679621231	0.6666741862375378
Q	1.136291539156658	0.11466111299185015
Y	2.7355408110126787	0.36634641859073014
I	-1.5770064860780013	0.514932091978727
A	-5.957850301638742	-0.44298769835243434
G	-4.142048920291407	-0.2223264927145083
P	-1.0104083018927918	-0.5247410410774117
T	-1.7052243440003696	-0.0507112888798146
V	-3.638564861183774	-0.16381766028358757
L	-5.718030205208365	-0.06388455043892437
R	-2.5449038220107894	-0.47145399558897766
S	-1.9280611964887029	0.12186255900945595
