	PC1	PC2
M	-676633.5986542723	-18103.273967480203
W	-936976.9156509569	-28280.757843078693
C	-961825.9088320585	-19906.89832256454
D	310428.5742133048	20324.889860251835
E	637310.8704627702	140747.67229418998
F	-299078.70607558923	-14633.294219528934
H	-770015.4951391047	-18582.310030741326
K	-15129.179289373471	139495.81499213487
N	-353480.8928216035	34148.29113687196
Q	-639580.3782439195	-5882.962651649421
Y	-358264.53130913636	10838.53458280652
I	443648.94441786193	58114.25790449902
A	834606.8657380675	-107173.54294906241
G	649511.2343247371	-85163.39463163941
P	-156381.24621447237	-27315.70859288645
T	113502.6862557244	-42188.40514147445
V	729872.2221812414	-44975.48091609028
L	1050208.249631781	-7805.6447013021725
R	145734.00117747823	17732.370476969034
S	252543.2038275206	-1390.1572802251565
