	PC1	PC2
M	-46.49767902465997	-0.8205814965518687
W	-62.8835177276899	-0.08194923481690934
C	-56.66581454657903	-0.8305436068383871
D	5.252648868309541	-2.683599969406183
E	22.23320019810003	-4.251999713751293
F	-16.37855241295232	-1.8681659030726294
H	-48.25275415569634	-0.4904446294186899
K	21.143797741067	-4.200251987917211
N	-8.33146800898549	0.8746352621319039
Q	-18.63121294537442	1.4980979524992084
Y	-28.818458773253372	0.004811019786237381
I	17.361368033070725	0.02759448712690082
A	23.095252580415877	0.9461335887849804
G	21.223119721248704	4.739891233487396
P	-1.8816823737091382	5.555977716320988
T	22.105510786883535	6.494933855208939
V	24.408288729006273	0.6708208413437236
L	76.69751706037377	-1.5707489641034291
R	9.027867064125934	-3.2649898743346495
S	45.7925691862986	-0.7496205764790128
