	PC1	PC2
M	4.25284694412532	-0.11319060276694225
W	8.429652919480032	0.22059404516962486
C	5.878016930514676	-0.2086389431247434
D	-1.7083981376850432	-0.06750057556947105
E	-1.8607223058843978	-0.04400836638377875
F	0.3128878099405207	-0.27495958228559675
H	4.737080693022791	-0.04517184297039173
K	-2.1057821903641734	-0.47970365112740615
N	-1.2627048913287984	-0.5151399855811669
Q	1.7295461562302816	0.18822715300212622
Y	0.6838217022484052	-0.43357505038659333
I	-2.4103503580330545	-0.4792675959419224
A	-2.3767542363131997	0.6041282521497221
G	-1.64702419826669	0.3793597535353315
P	0.031713744694989554	0.6131820044910206
T	-1.9346259945860798	0.08212059492258866
V	-2.4380690105657914	0.1354327062627943
L	-4.364891812116517	-0.047441863476786375
R	-1.0126064124926466	0.4444586804592599
S	-2.933637352620621	0.0410948696224458
