	PC1	PC2
M	3.8352714232698544	0.021482051919875067
W	6.3368223948249405	0.033983681685804935
C	5.203365658909431	-0.19059982280121895
D	-0.9087652509976365	-0.10203070946254165
E	-1.8057372824262126	0.028725712224953032
F	0.6846000294764591	-0.3032518916978495
H	3.932205246764411	-0.056164161334375975
K	-1.7925609116979777	-0.12128654570053303
N	0.025604471650028725	0.1270649292732612
Q	0.8926686824752469	0.4005785803376148
Y	1.6918073998670646	-0.08487015380000965
I	-1.6167164580054059	-0.0323560845623894
A	-1.9484401899449026	0.028551797334009272
G	-1.7841167913724458	0.1921341540561739
P	-0.46307232935078	0.3351361854732768
T	-1.8986100326564905	0.19894911812121463
V	-2.006652134021484	0.016792662375057832
L	-4.2941169279417455	-0.20568036353462693
R	-1.110880509010007	-0.09515546101261504
S	-2.972676489812328	-0.19200367889509365
