AminoAcid	Frequency
M	0.043478260869565216
T	0.043478260869565216
N	0.043478260869565216
K	0.043478260869565216
S	0.08695652173913043
R	0.08695652173913043
V	0.043478260869565216
A	0.043478260869565216
D	0.043478260869565216
E	0.043478260869565216
G	0.043478260869565216
F	0.043478260869565216
L	0.08695652173913043
Y	0.043478260869565216
C	0.043478260869565216
W	0.043478260869565216
P	0.043478260869565216
H	0.043478260869565216
Q	0.043478260869565216
I	0.043478260869565216
