AminoAcid	Frequency
M	0.041666666666666664
T	0.041666666666666664
N	0.041666666666666664
K	0.041666666666666664
S	0.08333333333333333
R	0.08333333333333333
V	0.041666666666666664
A	0.08333333333333333
D	0.041666666666666664
E	0.041666666666666664
G	0.041666666666666664
F	0.041666666666666664
L	0.08333333333333333
Y	0.041666666666666664
C	0.041666666666666664
W	0.041666666666666664
P	0.041666666666666664
H	0.041666666666666664
Q	0.041666666666666664
I	0.041666666666666664
