AminoAcid	Frequency
M	0.045454545454545456
T	0.045454545454545456
N	0.045454545454545456
K	0.045454545454545456
S	0.09090909090909091
R	0.045454545454545456
V	0.045454545454545456
A	0.045454545454545456
D	0.045454545454545456
E	0.045454545454545456
G	0.045454545454545456
F	0.045454545454545456
L	0.09090909090909091
Y	0.045454545454545456
C	0.045454545454545456
W	0.045454545454545456
P	0.045454545454545456
H	0.045454545454545456
Q	0.045454545454545456
I	0.045454545454545456
